run_date,period_label,cadence_id,cadence_name,score,verdict,model_applied,meeting_rate,reply_rate,connect_rate,open_rate,skip_rate,steps_completed,emails_sent,owner,pts_meeting_rate,pts_reply_rate,pts_connect_rate,pts_open_rate,pts_skip_rate,low_sample,created_at
2026-06-13,all-time,4149742, BDR-Outbound-Velocity-APRIL2026 ,6,ARCHIVE,BDR,0.27,0.1,6.33,18.25,0.0,1051,2975,,0,0,6,0,0,False,2026-04-17
2026-06-13,all-time,4192606, BDR-Outbound-Velocity-MAY2026 ,18,ARCHIVE,BDR,0.57,0.09,8.35,21.27,0.0,554,1053,,0,0,13,5,0,False,2026-05-15
2026-06-13,all-time,4116412, BDR-Outbound-Velocity-March2026,6,ARCHIVE,BDR,0.77,0.28,6.76,19.05,0.0,494,1816,,0,0,6,0,0,False,2026-03-13
2026-06-13,all-time,4064673, BDR-V 2026 H1 Outbound Motion,13,ARCHIVE,BDR,0.54,0.24,7.3,17.06,0.0,2645,10308,,0,0,13,0,0,False,2026-01-08
2026-06-13,all-time,4132594, Canada Draft BDR - Strat,20,LOW SAMPLE,BDR,0.0,0.0,25.0,17.65,0.0,12,17,,0,0,20,0,0,True,2026-04-01
2026-06-13,all-time,4135410, Canada Draft BDR - Strat - nurture email,5,ARCHIVE,BDR,0.33,0.56,0.0,25.42,0.0,183,897,,0,0,0,5,0,False,2026-04-06
2026-06-13,all-time,2278025,$BDR-MM - AQL - General Content,38,ARCHIVE,BDR,1.19,2.07,21.05,25.06,0.0,7182,19194,,0,13,20,5,0,False,2021-09-20
2026-06-13,all-time,2721914,$BDR-MM - AQL - Webinar Download / Attendee,31,ARCHIVE,BDR,1.96,3.0,7.76,24.78,0.0,945,3628,,0,13,13,5,0,False,2022-07-29
2026-06-13,all-time,2983272,$BDR-MM - Closed Lost - Revival,31,ARCHIVE,BDR,1.65,3.75,7.39,21.24,0.0,8956,18899,,0,13,13,5,0,False,2023-02-09
2026-06-13,all-time,4031600,$BDR-MM - Coyote Analytics Sunset Outreach Nov 2025,24,ARCHIVE,BDR,0.0,3.64,6.8,25.82,0.0,106,275,,0,13,6,5,0,False,2025-11-10
2026-06-13,all-time,3753811,2024 LEAP Price Hike revival - BDR,31,ARCHIVE,BDR,2.39,2.24,13.47,20.93,0.0,196,669,,0,13,13,5,0,False,2024-12-06
2026-06-13,all-time,4133126,AE/BDR-CS | CAM - Draft Product Offer - OBC,0,ARCHIVE,BDR,1.95,0.59,0.0,17.97,0.0,475,512,,0,0,0,0,0,False,2026-04-01
2026-06-13,all-time,4133141,AE/BDR-CS | CAM - Grow Product Offer - OBC,25,LOW SAMPLE,BDR,9.76,0.0,0.0,21.95,0.0,25,41,,20,0,0,5,0,True,2026-04-01
2026-06-13,all-time,4133117,AE/BDR-CS | CAM - Manage AI Product Offer - OBC,38,LOW SAMPLE,BDR,10.71,2.68,0.0,28.57,0.0,62,112,,20,13,0,5,0,True,2026-04-01
2026-06-13,all-time,4003304,AQL/NMQL - BDR-S - Email Only  ,0,ARCHIVE,BDR,0.06,0.12,0.0,19.94,0.0,396,1715,,0,0,0,0,0,False,2025-10-07
2026-06-13,all-time,3953332,All BDR - AI Summer Camp AQL - Follow Up,11,ARCHIVE,BDR,0.8,0.27,6.32,28.42,0.0,177,373,,0,0,6,5,0,False,2025-08-05
2026-06-13,all-time,4079054,BDR - Event: NTLS,0,NO DATA,BDR,0.0,0.0,0.0,0.0,0.0,0,0,,0,0,0,0,0,True,2026-01-28
2026-06-13,all-time,4126608,BDR - In person conference - Techshow 2026,32,LOW SAMPLE,BDR,0.0,7.32,2.41,36.59,0.0,17,41,,0,22,0,10,0,True,2026-03-25
2026-06-13,all-time,4074649,BDR - MS WEBINAR CLE,18,ARCHIVE,BDR,1.06,1.48,7.44,30.63,0.0,563,1887,,0,0,13,5,0,False,2026-01-22
2026-06-13,all-time,3838798,BDR CS | CSQL - Q1 Grow Incentive ,43,LOW SAMPLE,BDR,12.07,1.72,11.11,36.21,0.0,57,58,,20,0,13,10,0,True,2025-03-24
2026-06-13,all-time,4085749,BDR CS: Clio Work - Trial FU (CQL) ,78,LOW SAMPLE,BDR,18.9,3.94,16.48,39.37,0.0,78,127,,35,13,20,10,0,True,2026-02-05
2026-06-13,all-time,3940465,BDR Draft - AQL - Ebook Downloads ,36,ARCHIVE,BDR,0.8,3.19,9.8,40.24,0.0,116,251,,0,13,13,10,0,False,2025-07-21
2026-06-13,all-time,3948175,BDR Draft - AQL Webinar MS Word - Post Webinar,18,ARCHIVE,BDR,0.71,0.85,11.52,30.31,0.0,247,706,,0,0,13,5,0,False,2025-07-29
2026-06-13,all-time,3963947,BDR Draft - Lead Nurture Revisit,18,ARCHIVE,BDR,4.0,1.2,8.12,27.2,0.0,112,250,,0,0,13,5,0,False,2025-08-18
2026-06-13,all-time,3939471,BDR Draft - OB -Family Law Firm - 2025,44,LOW SAMPLE,BDR,6.82,2.27,4.71,22.73,0.0,29,44,,20,13,6,5,0,True,2025-07-18
2026-06-13,all-time,3973541,BDR | CS - August Draft AMA | Attendees CQLs,72,LOW SAMPLE,BDR,10.0,7.5,17.48,44.17,0.0,54,120,,20,22,20,10,0,True,2025-08-28
2026-06-13,all-time,3913755,BDR | CS: Clio Connects  - Attended an Event CQLs,72,REVIEW,BDR,10.94,9.38,17.35,39.84,0.0,102,128,,20,22,20,10,0,False,2025-06-16
2026-06-13,all-time,4193637,BDR | CS: Clio Connects  - Registered but did not attend ,15,LOW SAMPLE,BDR,0.0,0.0,0.0,61.54,0.0,17,13,,0,0,0,15,0,True,2026-05-15
2026-06-13,all-time,3754425,BDR | Family Law Summit 12/24 - Attended,0,LOW SAMPLE,BDR,0.0,0.0,0.0,0.0,0.0,1,2,,0,0,0,0,0,True,2024-12-06
2026-06-13,all-time,3753662,BDR | Family Law Summit 2024- Requested Demo Leads,100,LOW SAMPLE,BDR,42.42,11.11,15.04,55.56,0.0,83,99,,35,30,20,15,0,True,2024-12-05
2026-06-13,all-time,3939510,BDR- Draft - C/L Opportunity Revival,31,ARCHIVE,BDR,4.93,3.87,7.07,27.46,0.0,162,284,,0,13,13,5,0,False,2025-07-18
2026-06-13,all-time,3064099,BDR-CS - 2023 Solo & Small Firm - Outbound,38,ARCHIVE,BDR,5.84,0.94,10.04,31.26,0.0,271,531,,20,0,13,5,0,False,2023-04-06
2026-06-13,all-time,3630547,BDR-CS - Accounting - Demo No Show / Cancellation,87,KEEP,BDR,26.14,8.09,15.26,42.12,0.0,243,482,,35,22,20,10,0,False,2024-07-19
2026-06-13,all-time,3623902,BDR-CS - Accounting - Demo Request,95,KEEP,BDR,40.62,10.68,19.57,42.35,0.0,3350,5768,,35,30,20,10,0,False,2024-07-15
2026-06-13,all-time,3623844,BDR-CS - Accounting - Downloaded Content,65,REVIEW,BDR,9.24,5.08,12.15,38.83,0.0,242,649,,20,22,13,10,0,False,2024-07-15
2026-06-13,all-time,3777257,BDR-CS - Accounting CLE Webinar Follow Up (Jan 15 2025) - Reg/Attended,43,ARCHIVE,BDR,7.37,1.38,8.65,48.39,0.0,148,217,,20,0,13,10,0,False,2025-01-16
2026-06-13,all-time,3730021,BDR-CS - Accounting Re-Engage/Nurture/Closed Lost -,40,ARCHIVE,BDR,4.9,5.31,12.41,34.69,0.0,106,245,,0,22,13,5,0,False,2024-11-06
2026-06-13,all-time,3673391,BDR-CS - Accounting Webinar Follow Up,63,REVIEW,BDR,8.49,4.55,16.95,39.75,0.0,211,483,,20,13,20,10,0,False,2024-09-03
2026-06-13,all-time,4132046,BDR-CS - CAM Reputation Management Trial - Pre-Trial - IBC,85,LOW SAMPLE,BDR,30.3,6.06,12.2,51.52,0.0,51,33,,35,22,13,15,0,True,2026-03-31
2026-06-13,all-time,4132062,BDR-CS - CAM Reputation Management Trial - Trial Welcome + End - IBC,58,REVIEW,BDR,13.5,6.75,5.26,49.08,0.0,134,163,,20,22,6,10,0,False,2026-03-31
2026-06-13,all-time,4139240,BDR-CS - Civil Lit - Work - High doc usage ,43,ARCHIVE,BDR,5.41,0.0,11.52,36.94,0.0,303,222,,20,0,13,10,0,False,2026-04-09
2026-06-13,all-time,4056071,BDR-CS - Clio Timekeeping Cohort 1 Outreach ,11,ARCHIVE,BDR,3.3,0.63,6.06,27.67,0.0,2135,3488,,0,0,6,5,0,False,2025-12-15
2026-06-13,all-time,4056123,BDR-CS - Clio Timekeeping Pilot WITH USAGE,51,REVIEW,BDR,12.16,4.54,7.28,28.49,0.0,286,551,,20,13,13,5,0,False,2025-12-15
2026-06-13,all-time,4056126,BDR-CS - Clio Timekeeping Pilot is ending NO USAGE ,18,ARCHIVE,BDR,4.85,1.85,8.08,25.13,0.0,509,1134,,0,0,13,5,0,False,2025-12-15
2026-06-13,all-time,4056127,BDR-CS - Clio Timekeeping Pilot is ending PHONE LOGS ONLY,36,ARCHIVE,BDR,4.14,2.62,10.98,40.4,0.0,941,2708,,0,13,13,10,0,False,2025-12-15
2026-06-13,all-time,4050690,BDR-CS - Clio Work - Demo No Show / Cancellation,75,KEEP,BDR,16.57,6.93,10.5,31.33,0.0,182,332,,35,22,13,5,0,False,2025-12-05
2026-06-13,all-time,3324138,BDR-CS - Disco No Show,88,KEEP,BDR,32.62,17.04,11.11,45.94,0.0,417,751,,35,30,13,10,0,False,2023-11-21
2026-06-13,all-time,3933734,BDR-CS - Draft - Re-Engage/Nurture/Closed Lost ,51,REVIEW,BDR,6.95,3.84,9.43,30.94,0.0,396,417,,20,13,13,5,0,False,2025-07-13
2026-06-13,all-time,3143959,BDR-CS - Grow - Client Intake Guide for Law Firms,58,REVIEW,BDR,5.87,2.17,17.3,29.45,0.0,969,3406,,20,13,20,5,0,False,2023-06-08
2026-06-13,all-time,2920802,BDR-CS - Grow - Demo No Show / Cancellation ,95,KEEP,BDR,28.93,11.34,17.94,37.77,0.0,560,1120,,35,30,20,10,0,False,2022-12-15
2026-06-13,all-time,2437228,BDR-CS - Grow - Demo Request  ,95,KEEP,BDR,53.99,14.28,17.91,45.5,0.0,3186,4684,,35,30,20,10,0,False,2022-01-27
2026-06-13,all-time,3201575,BDR-CS - Grow - Downloaded Guide: Intake Checklist,58,REVIEW,BDR,6.42,4.24,15.77,34.44,0.0,912,3116,,20,13,20,5,0,False,2023-08-02
2026-06-13,all-time,2789482,BDR-CS - Grow - Prospecting,58,REVIEW,BDR,5.99,2.47,20.29,31.17,0.0,3965,10155,,20,13,20,5,0,False,2022-09-13
2026-06-13,all-time,2952033,BDR-CS - Grow - Prospecting (no calls),5,ARCHIVE,BDR,2.93,1.68,0.0,26.57,0.0,4174,13946,,0,0,0,5,0,False,2023-01-18
2026-06-13,all-time,2676546,BDR-CS - Grow - Re-Engage/Nurture/Closed Lost,67,REVIEW,BDR,8.31,6.42,28.1,32.8,0.0,1263,2960,,20,22,20,5,0,False,2022-06-29
2026-06-13,all-time,2521484,BDR-CS - Grow - Visited Product OR Feature Page IM ,38,ARCHIVE,BDR,6.61,1.84,14.56,29.66,0.0,926,3267,,20,0,13,5,0,False,2022-03-22
2026-06-13,all-time,3160218,BDR-CS - Grow - Webinar On-Demand: Clio Website,88,LOW SAMPLE,BDR,21.31,10.66,10.84,40.98,0.0,45,122,,35,30,13,10,0,True,2023-06-22
2026-06-13,all-time,3198613,BDR-CS - High Propensity  - Prospecting,18,ARCHIVE,BDR,3.87,0.79,14.6,28.29,0.0,1568,4549,,0,0,13,5,0,False,2023-07-31
2026-06-13,all-time,3732630,BDR-CS - Manage AI - Demo No Show / Cancellation,80,KEEP,BDR,21.92,8.66,14.61,41.0,0.0,371,739,,35,22,13,10,0,False,2024-11-08
2026-06-13,all-time,3933737,BDR-CS - Manage AI - Re-Engage/Nurture/Closed Lost  ,43,LOW SAMPLE,BDR,6.34,0.7,9.29,39.44,0.0,64,142,,20,0,13,10,0,True,2025-07-13
2026-06-13,all-time,3470809,BDR-CS - PI - Downloaded Guide: Template Checklist,43,ARCHIVE,BDR,4.98,3.74,17.74,40.39,0.0,203,562,,0,13,20,10,0,False,2024-04-02
2026-06-13,all-time,3313915,BDR-CS - PI Pilot 2 - Convert Prospecting,73,LOW SAMPLE,BDR,20.31,3.12,18.67,20.31,0.0,39,64,,35,13,20,5,0,True,2023-11-10
2026-06-13,all-time,4084196,BDR-CS - Persona Webinar Series Invite,5,LOW SAMPLE,BDR,0.0,0.0,0.0,24.24,0.0,25,33,,0,0,0,5,0,True,2026-02-04
2026-06-13,all-time,3282457,BDR-CS - Personal Injury - Demo No Show / Cancellation  ,82,KEEP,BDR,18.63,8.17,19.34,34.64,0.0,149,306,,35,22,20,5,0,False,2023-10-12
2026-06-13,all-time,3281993,BDR-CS - Personal Injury - Demo Request ,95,KEEP,BDR,42.83,12.45,17.3,41.95,0.0,1247,2169,,35,30,20,10,0,False,2023-10-12
2026-06-13,all-time,3608946,BDR-CS - Personal Injury PI - Re-Engage/Nurture/Closed Lost,56,REVIEW,BDR,7.24,3.28,12.88,38.79,0.0,214,580,,20,13,13,10,0,False,2024-07-01
2026-06-13,all-time,4146490,BDR-CS - Reputation Management Pilot Access - IBC,0,NO DATA,BDR,0.0,6.25,0.0,31.25,0.0,0,16,,0,22,0,5,0,True,2026-04-14
2026-06-13,all-time,4207256,"BDR-CS Apex 30 Day Work Trial - Main Cadence, Cohort 1 (MM non-CSM)",24,LOW SAMPLE,BDR,0.43,3.0,4.44,26.61,0.0,68,233,,0,13,6,5,0,True,2026-05-26
2026-06-13,all-time,4195716,"BDR-CS Apex 30 Day Work Trial - Main Cadence, Cohort 1 (Strat)",51,REVIEW,BDR,5.41,2.46,8.89,29.0,0.0,632,1424,,20,13,13,5,0,False,2026-05-18
2026-06-13,all-time,4219469,"BDR-CS Apex 30 Day Work Trial - Main Cadence, Cohort 2 (MM non-CSM)",25,ARCHIVE,BDR,1.64,0.65,15.56,25.53,0.0,180,611,,0,0,20,5,0,False,2026-06-02
2026-06-13,all-time,4219447,"BDR-CS Apex 30 Day Work Trial - Main Cadence, Cohort 2 (Strat)",25,ARCHIVE,BDR,4.5,1.25,16.13,32.47,0.0,596,1044,,0,0,20,5,0,False,2026-06-02
2026-06-13,all-time,4225423,"BDR-CS Apex 30 Day Work Trial - Main Cadence, Cohort 3 (MM non-CSM)",5,ARCHIVE,BDR,1.28,0.69,0.0,30.71,0.0,424,1016,,0,0,0,5,0,False,2026-06-04
2026-06-13,all-time,4225406,"BDR-CS Apex 30 Day Work Trial - Main Cadence, Cohort 3 (Strat)",25,ARCHIVE,BDR,3.13,1.1,15.25,25.55,0.0,1185,1726,,0,0,20,5,0,False,2026-06-04
2026-06-13,all-time,4196209,BDR-CS Apex 30 day Work Trial - Hand Raises HOT All Segments ,45,LOW SAMPLE,BDR,0.0,50.0,0.0,50.0,0.0,2,2,,0,30,0,15,0,True,2026-05-18
2026-06-13,all-time,4201325,BDR-CS Call Only Nurture,13,ARCHIVE,BDR,0.0,0.0,9.0,0.0,0.0,124,0,,0,0,13,0,0,False,2026-05-21
2026-06-13,all-time,3704948,BDR-CS ClioCon Attended/Registered,25,LOW SAMPLE,BDR,0.0,1.82,33.33,25.45,0.0,21,55,,0,0,20,5,0,True,2024-10-08
2026-06-13,all-time,3866686,BDR-CS Demo Request Platform ,88,KEEP,BDR,37.85,11.31,14.24,44.17,0.0,939,1123,,35,30,13,10,0,False,2025-04-23
2026-06-13,all-time,3932426,BDR-CS Draft CQL= Downloaded a Guide - Document Automation / Draft,51,REVIEW,BDR,6.67,2.92,10.41,34.6,0.0,643,1575,,20,13,13,5,0,False,2025-07-10
2026-06-13,all-time,3932044,BDR-CS Draft Demo No Show / Cancellation ,75,KEEP,BDR,21.72,8.61,11.04,34.02,0.0,132,244,,35,22,13,5,0,False,2025-07-10
2026-06-13,all-time,3703704,BDR-CS Manage AI Demo Request,75,KEEP,BDR,36.45,5.54,14.57,34.38,0.0,4445,7706,,35,22,13,5,0,False,2024-10-07
2026-06-13,all-time,4116722,BDR-CS Strat - Criminal Work Campaign,18,ARCHIVE,BDR,4.22,1.32,9.44,31.66,0.0,206,379,,0,0,13,5,0,False,2026-03-13
2026-06-13,all-time,4187027,BDR-CS Strat | Clio Work - Family Law - OBC - May 2026,31,ARCHIVE,BDR,2.94,2.14,7.23,32.35,0.0,247,374,,0,13,13,5,0,False,2026-05-13
2026-06-13,all-time,4099204,BDR-CS Strat: High Adopters ,56,REVIEW,BDR,7.44,3.28,7.77,36.11,0.0,286,457,,20,13,13,10,0,False,2026-02-23
2026-06-13,all-time,4132269,BDR-CS Team - Draft Canada Launch Cadence  ,0,LOW SAMPLE,BDR,0.0,0.0,0.0,0.0,0.0,4,0,,0,0,0,0,0,True,2026-03-31
2026-06-13,all-time,4031582,BDR-CS | 2025 Family Law Summit - Multi-Product CQL Follow-Up,71,LOW SAMPLE,BDR,16.03,2.29,13.1,39.69,0.0,71,131,,35,13,13,10,0,True,2025-11-10
2026-06-13,all-time,3930898,BDR-CS | 2025 Wills & Estates Summit -Poll CQLs (Multi-product) ,80,KEEP,BDR,16.0,6.13,10.14,43.47,0.0,248,375,,35,22,13,10,0,False,2025-07-09
2026-06-13,all-time,3980173,BDR-CS | 2025-09 Email Marketing Webinar - Attended Optional Demo of Clio Grow CQLs ,27,LOW SAMPLE,BDR,0.0,8.33,0.0,25.0,0.0,10,12,,0,22,0,5,0,True,2025-09-09
2026-06-13,all-time,4035083,BDR-CS | 2025-11 AI CLE - Poll CQLs,40,LOW SAMPLE,BDR,0.0,5.17,12.5,27.59,0.0,49,58,,0,22,13,5,0,True,2025-11-13
2026-06-13,all-time,4039185,BDR-CS | 2025-11 Family Law WHLFUC - Poll CQL - IBC,20,LOW SAMPLE,BDR,0.0,0.0,33.33,0.0,0.0,2,5,,0,0,20,0,0,True,2025-11-18
2026-06-13,all-time,4041494,BDR-CS | 2025-11 Power Up Mobile App - Poll CQL - IBC,43,LOW SAMPLE,BDR,0.0,4.76,23.08,42.86,0.0,11,21,,0,13,20,10,0,True,2025-11-20
2026-06-13,all-time,4046345,BDR-CS | 2025-12 Legal AI Summit - Poll CQL - IBC,56,REVIEW,BDR,8.66,4.33,12.71,40.55,0.0,104,254,,20,13,13,10,0,False,2025-12-01
2026-06-13,all-time,4050116,BDR-CS | 2025-12 Legal AI Summit - Session CQL - IBC,55,LOW SAMPLE,BDR,0.0,11.54,18.75,30.77,0.0,15,26,,0,30,20,5,0,True,2025-12-04
2026-06-13,all-time,4052743,BDR-CS | 2025-12 Succession Planning - Poll CQL - IBC,50,LOW SAMPLE,BDR,0.0,12.5,33.33,18.75,0.0,8,16,,0,30,20,0,0,True,2025-12-09
2026-06-13,all-time,4052745,BDR-CS | 2025-12 Succession Planning CLE - Session CQL - IBC,25,LOW SAMPLE,BDR,0.0,0.0,20.0,20.0,0.0,4,5,,0,0,20,5,0,True,2025-12-09
2026-06-13,all-time,4048144,BDR-CS | 2025-12 [CLE] 5 Levers to Maximize Impact - Poll CQL - IBC,13,LOW SAMPLE,BDR,0.0,0.0,8.33,14.29,0.0,5,14,,0,0,13,0,0,True,2025-12-02
2026-06-13,all-time,4064932,BDR-CS | 2026-01 MS Word CLE Series  (01/2026) - Attendee CQL - IBC ,36,ARCHIVE,BDR,2.34,2.84,13.28,38.9,0.0,219,599,,0,13,13,10,0,False,2026-01-08
2026-06-13,all-time,4064934,BDR-CS | 2026-01 MS Word CLE Series (01/2026) - Draft Poll CQL - IBC,65,REVIEW,BDR,11.09,5.84,13.98,35.02,0.0,187,514,,20,22,13,10,0,False,2026-01-08
2026-06-13,all-time,4064935,BDR-CS | 2026-01 MS Word CLE Series (01/2026) - Platform Poll CQL - IBC,60,LOW SAMPLE,BDR,5.19,5.19,13.19,30.37,0.0,54,135,,20,22,13,5,0,True,2026-01-08
2026-06-13,all-time,4078004,BDR-CS | 2026-01 What's New in Clio - Poll CQL - IBC,75,LOW SAMPLE,BDR,23.91,7.61,12.99,25.0,0.0,43,92,,35,22,13,5,0,True,2026-01-27
2026-06-13,all-time,4086085,BDR-CS | 2026-02 CLE (Guide to Not Getting Flagged for AI Use) - Poll CQL - IBC,51,LOW SAMPLE,BDR,10.5,3.87,11.19,34.25,0.0,82,181,,20,13,13,5,0,True,2026-02-05
2026-06-13,all-time,4092372,BDR-CS | 2026-02 CLE (Soft Skills for Legal Professionals) - Poll CQL - IBC,0,LOW SAMPLE,BDR,0.0,0.0,0.0,16.67,0.0,2,6,,0,0,0,0,0,True,2026-02-13
2026-06-13,all-time,4107295,BDR-CS | 2026-03 AI Spring Camp - Session CQL - IBC,23,LOW SAMPLE,BDR,2.99,1.49,7.32,37.31,0.0,33,67,,0,0,13,10,0,True,2026-03-03
2026-06-13,all-time,4106955,BDR-CS | 2026-03 AI Training Camp - Poll CQL - IBC,65,REVIEW,BDR,12.03,6.29,12.54,37.11,0.0,458,1272,,20,22,13,10,0,False,2026-03-03
2026-06-13,all-time,4152693,BDR-CS | 2026-04 Draft Demo Webinar - Attendee CQL - IBC,31,ARCHIVE,BDR,3.14,4.04,8.06,29.6,0.0,161,223,,0,13,13,5,0,False,2026-04-20
2026-06-13,all-time,4152692,BDR-CS | 2026-04 Draft Demo Webinar - Poll CQL - IBC,71,LOW SAMPLE,BDR,35.29,11.76,6.67,17.65,0.0,12,17,,35,30,6,0,0,True,2026-04-20
2026-06-13,all-time,4142066,BDR-CS | 2026-04 Get to Know Clio's AI - Poll CQL - IBC,92,LOW SAMPLE,BDR,19.35,9.68,23.33,64.52,0.0,19,31,,35,22,20,15,0,True,2026-04-10
2026-06-13,all-time,4142130,BDR-CS | 2026-04 Get to Know Clio's AI - Session CQL - IBC,56,REVIEW,BDR,8.13,3.66,10.45,35.37,0.0,137,246,,20,13,13,10,0,False,2026-04-10
2026-06-13,all-time,4177530,BDR-CS | 2026-05 Solo & Small Firm Summit - Poll CQL - IBC,80,KEEP,BDR,16.98,5.66,10.0,44.47,0.0,168,371,,35,22,13,10,0,False,2026-05-06
2026-06-13,all-time,4179433,BDR-CS | 2026-05 Solo & Small Firm Summit - Poll CQL - IBC - Copy for ANITA,52,LOW SAMPLE,BDR,5.56,5.56,0.0,44.44,0.0,7,18,,20,22,0,10,0,True,2026-05-07
2026-06-13,all-time,4177531,BDR-CS | 2026-05 Solo & Small Firm Summit - Session CQL - IBC,51,LOW SAMPLE,BDR,8.06,3.23,12.5,22.58,0.0,33,62,,20,13,13,5,0,True,2026-05-06
2026-06-13,all-time,4227751,BDR-CS | 2026-06 - Admin Manage Walkthrough - Reg CQL - IBC ,23,LOW SAMPLE,BDR,1.41,4.23,0.0,36.62,0.0,4,71,,0,13,0,10,0,True,2026-06-05
2026-06-13,all-time,4227941,BDR-CS | 2026-06 Summer AI CLE - Poll CQL - IBC,58,REVIEW,BDR,12.39,6.49,6.9,46.9,0.0,185,339,,20,22,6,10,0,False,2026-06-05
2026-06-13,all-time,4146667,BDR-CS | 2026-14 What's New In Clio - Poll CQL - IBC,65,LOW SAMPLE,BDR,14.29,8.27,13.21,45.11,0.0,77,133,,20,22,13,10,0,True,2026-04-14
2026-06-13,all-time,4105514,BDR-CS | AI Spring Training - Old AI CQL Ob blast - OBC,5,ARCHIVE,BDR,0.92,0.69,0.0,25.66,0.0,1037,3901,,0,0,0,5,0,False,2026-03-02
2026-06-13,all-time,3956304,BDR-CS | AI Summer Camp - Poll Respondents,65,REVIEW,BDR,13.83,7.52,14.33,41.75,0.0,286,412,,20,22,13,10,0,False,2025-08-07
2026-06-13,all-time,4133314,BDR-CS | April AI Demo Webinar Invite Promo - OBC,5,ARCHIVE,BDR,2.42,1.6,0.0,31.96,0.0,955,2434,,0,0,0,5,0,False,2026-04-01
2026-06-13,all-time,3988504,BDR-CS | Attorney Essentials Resource Page - CQLs,0,LOW SAMPLE,BDR,0.0,0.0,0.0,7.69,0.0,3,13,,0,0,0,0,0,True,2025-09-18
2026-06-13,all-time,4021861,BDR-CS | Attorney Webinar - Attended CQLs,16,LOW SAMPLE,BDR,4.44,0.0,5.56,37.78,0.0,40,90,,0,0,6,10,0,True,2025-10-28
2026-06-13,all-time,4132376,BDR-CS | CAM Demo Incentive - General - OBC,18,ARCHIVE,BDR,3.98,1.86,7.72,30.24,0.0,202,377,,0,0,13,5,0,False,2026-03-31
2026-06-13,all-time,4138488,BDR-CS | CAM Demo Incentive - General - OBC - Copy,0,NO DATA,BDR,0.0,0.0,0.0,0.0,0.0,0,0,,0,0,0,0,0,True,2026-04-08
2026-06-13,all-time,3910089,BDR-CS | Cold Outreach June 2025 - Duo,51,REVIEW,BDR,8.57,2.04,10.65,32.65,0.0,322,245,,20,13,13,5,0,False,2025-06-11
2026-06-13,all-time,4085949,BDR-CS | Content CQL Follow-Up (AI Platform) - IBC,63,LOW SAMPLE,BDR,9.45,3.15,21.05,36.22,0.0,63,127,,20,13,20,10,0,True,2026-02-05
2026-06-13,all-time,4087583,BDR-CS | Content CQL Follow-Up (Draft) - IBC,43,LOW SAMPLE,BDR,12.5,3.57,0.0,46.43,0.0,29,56,,20,13,0,10,0,True,2026-02-09
2026-06-13,all-time,4087590,BDR-CS | Content CQL Follow-Up (Grow) - IBC,43,LOW SAMPLE,BDR,7.84,3.92,0.0,35.29,0.0,23,51,,20,13,0,10,0,True,2026-02-09
2026-06-13,all-time,4128253,BDR-CS | Content CQL Follow-Up (Work) - IBC,10,ARCHIVE,BDR,4.28,1.14,0.0,37.95,0.0,173,701,,0,0,0,10,0,False,2026-03-26
2026-06-13,all-time,3917353,BDR-CS | Efficiency Resource Hub Follow-Up ,50,REVIEW,BDR,6.08,1.66,19.28,41.44,0.0,119,181,,20,0,20,10,0,False,2025-06-20
2026-06-13,all-time,4090769,BDR-CS | Family Law - Clio Work (On-Demand Webinar),85,LOW SAMPLE,BDR,6.25,12.5,19.05,62.5,0.0,9,16,,20,30,20,15,0,True,2026-02-12
2026-06-13,all-time,4155059,BDR-CS | Family Law - Clio Work Outbound,18,LOW SAMPLE,BDR,0.0,0.0,11.76,33.33,0.0,66,15,,0,0,13,5,0,True,2026-04-22
2026-06-13,all-time,4026882,BDR-CS | Family Law Summit 2025 Invite,25,ARCHIVE,BDR,9.58,0.0,0.0,33.96,0.0,470,480,,20,0,0,5,0,False,2025-11-04
2026-06-13,all-time,4065125,BDR-CS | Fastcase Integration - Clio Work Outbound,29,LOW SAMPLE,BDR,1.94,2.91,4.59,48.54,0.0,50,103,,0,13,6,10,0,True,2026-01-09
2026-06-13,all-time,4127204,BDR-CS | Get to Know Clio's AI,0,NO DATA,BDR,0.0,0.0,0.0,0.0,0.0,0,0,,0,0,0,0,0,True,2026-03-25
2026-06-13,all-time,4127189,"BDR-CS | How Law Firms Save Time and Reduce Errors with Document Automation - April 21, 2026",0,NO DATA,BDR,0.0,0.0,0.0,0.0,0.0,0,0,,0,0,0,0,0,True,2026-03-25
2026-06-13,all-time,4062961,BDR-CS | January AI Demo Webinar Invite Promo - OBC,5,ARCHIVE,BDR,1.5,0.86,0.0,30.74,0.0,519,1402,,0,0,0,5,0,False,2026-01-06
2026-06-13,all-time,3988028,BDR-CS | Leadership Summit - Demo Attendance CQLs,36,LOW SAMPLE,BDR,3.12,4.69,13.46,48.44,0.0,41,64,,0,13,13,10,0,True,2025-09-17
2026-06-13,all-time,3987906,BDR-CS | Leadership Summit - Poll CQLs,65,LOW SAMPLE,BDR,13.64,9.09,12.73,40.91,0.0,29,44,,20,22,13,10,0,True,2025-09-17
2026-06-13,all-time,3991695,BDR-CS | Leadership Summit - Recent Non-Summit CQLs,51,LOW SAMPLE,BDR,15.38,1.92,4.6,39.42,0.0,78,104,,35,0,6,10,0,True,2025-09-23
2026-06-13,all-time,4099456,BDR-CS | Level Up with Clio - Attorney Webinar - Poll CQLs - IBC,70,LOW SAMPLE,BDR,9.3,6.98,11.11,58.14,0.0,20,43,,20,22,13,15,0,True,2026-02-23
2026-06-13,all-time,4103124,BDR-CS | Level Up with Clio - Billing Manager Webinar - Poll CQLs - IBC,0,NO DATA,BDR,0.0,0.0,33.33,0.0,0.0,0,1,,0,0,20,0,0,True,2026-02-26
2026-06-13,all-time,4103147,BDR-CS | Level Up with Clio - Firm Leader Webinar - Poll CQLs - IBC,0,NO DATA,BDR,0.0,0.0,0.0,0.0,0.0,0,1,,0,0,0,0,0,True,2026-02-26
2026-06-13,all-time,4101880,BDR-CS | Level Up with Clio - Legal Admin Webinar - Poll CQLs - IBC,60,LOW SAMPLE,BDR,33.33,0.0,21.05,33.33,0.0,13,15,,35,0,20,5,0,True,2026-02-25
2026-06-13,all-time,4100742,BDR-CS | Level Up with Clio - Paralegal Webinar - Poll CQLs - IBC,77,LOW SAMPLE,BDR,10.0,5.0,23.53,55.0,0.0,8,20,,20,22,20,15,0,True,2026-02-24
2026-06-13,all-time,4101885,BDR-CS | Level Up with Clio - Solo Webinar - Poll CQLs - IBC,93,LOW SAMPLE,BDR,21.43,28.57,12.5,64.29,0.0,9,14,,35,30,13,15,0,True,2026-02-25
2026-06-13,all-time,4119648,BDR-CS | MM LTR CLE - Poll CQLs - IBC,72,LOW SAMPLE,BDR,7.02,5.26,20.0,35.09,0.0,24,57,,20,22,20,10,0,True,2026-03-17
2026-06-13,all-time,4181055,BDR-CS | Monthly Clio Customer Briefing - OBC,5,ARCHIVE,BDR,1.33,0.0,0.0,27.66,0.0,383,376,,0,0,0,5,0,False,2026-05-08
2026-06-13,all-time,4027692,BDR-CS | November What's New - CQL Follow-Up,78,KEEP,BDR,30.61,4.08,18.04,39.46,0.0,108,147,,35,13,20,10,0,False,2025-11-04
2026-06-13,all-time,3983436,BDR-CS | Office Manager & Admin Webinar - Attended CQLs ,43,LOW SAMPLE,BDR,4.82,4.82,15.56,38.55,0.0,61,83,,0,13,20,10,0,True,2025-09-12
2026-06-13,all-time,3983430,BDR-CS | Office Manager & Admin Webinar - Poll CQLs,71,LOW SAMPLE,BDR,28.0,4.0,10.0,40.0,0.0,22,25,,35,13,13,10,0,True,2025-09-12
2026-06-13,all-time,3988481,BDR-CS | Paralegal Essentials Resource Page - CQLs,43,LOW SAMPLE,BDR,5.71,0.0,11.11,37.14,0.0,19,35,,20,0,13,10,0,True,2025-09-18
2026-06-13,all-time,4021851,BDR-CS | Paralegal Webinar - Attended CQLs,11,LOW SAMPLE,BDR,2.04,1.53,6.9,34.18,0.0,81,196,,0,0,6,5,0,True,2025-10-28
2026-06-13,all-time,4021847,BDR-CS | Paralegal Webinar - Poll CQLs ,51,LOW SAMPLE,BDR,16.67,0.0,4.0,44.44,0.0,15,18,,35,0,6,10,0,True,2025-10-28
2026-06-13,all-time,3971021,BDR-CS | Persona Webinar Series Invite - Managing Partner,5,ARCHIVE,BDR,3.03,0.0,0.0,28.22,0.0,528,528,,0,0,0,5,0,False,2025-08-26
2026-06-13,all-time,4119566,BDR-CS | Pt 2 Level Up with Clio - Attorney Webinar - Attendee CQLs - IBC,43,LOW SAMPLE,BDR,8.57,0.95,8.97,37.14,0.0,44,105,,20,0,13,10,0,True,2026-03-17
2026-06-13,all-time,4119560,BDR-CS | Pt 2 Level Up with Clio - Attorney Webinar - Poll CQLs - IBC,81,LOW SAMPLE,BDR,18.6,11.63,3.03,39.53,0.0,19,43,,35,30,6,10,0,True,2026-03-17
2026-06-13,all-time,4122872,BDR-CS | Pt 2 Level Up with Clio - Billing Manager Webinar - Attendee CQLs - IBC,80,LOW SAMPLE,BDR,22.22,33.33,0.0,77.78,0.0,7,9,,35,30,0,15,0,True,2026-03-20
2026-06-13,all-time,4122871,BDR-CS | Pt 2 Level Up with Clio - Firm Leader Webinar - Attendee CQLs - IBC,15,LOW SAMPLE,BDR,0.0,0.0,0.0,66.67,0.0,6,12,,0,0,0,15,0,True,2026-03-20
2026-06-13,all-time,4122868,BDR-CS | Pt 2 Level Up with Clio - Firm Leader Webinar - Poll CQLs - IBC,10,LOW SAMPLE,BDR,0.0,0.0,0.0,40.0,0.0,3,5,,0,0,0,10,0,True,2026-03-20
2026-06-13,all-time,4122164,BDR-CS | Pt 2 Level Up with Clio - Legal Admin Webinar - Attendee CQLs - IBC,72,LOW SAMPLE,BDR,10.26,6.41,15.38,43.59,0.0,39,78,,20,22,20,10,0,True,2026-03-19
2026-06-13,all-time,4122163,BDR-CS | Pt 2 Level Up with Clio - Legal Admin Webinar - Poll CQLs - IBC,72,LOW SAMPLE,BDR,14.29,7.14,20.0,46.43,0.0,12,28,,20,22,20,10,0,True,2026-03-19
2026-06-13,all-time,4120602,BDR-CS | Pt 2 Level Up with Clio - Paralegal Webinar - Attendee CQLs - IBC,30,LOW SAMPLE,BDR,3.7,1.48,23.6,35.56,0.0,60,135,,0,0,20,10,0,True,2026-03-18
2026-06-13,all-time,4120574,BDR-CS | Pt 2 Level Up with Clio - Paralegal Webinar - Poll CQLs - IBC,55,LOW SAMPLE,BDR,7.14,5.36,12.82,19.64,0.0,22,56,,20,22,13,0,0,True,2026-03-18
2026-06-13,all-time,4122165,BDR-CS | Pt 2 Level Up with Clio - Solo Webinar - Attendee CQLs - IBC,20,LOW SAMPLE,BDR,0.0,0.0,15.0,19.23,0.0,10,26,,0,0,20,0,0,True,2026-03-19
2026-06-13,all-time,4122166,BDR-CS | Pt 2 Level Up with Clio - Solos Webinar - Poll CQLs - IBC,93,LOW SAMPLE,BDR,116.67,16.67,11.11,66.67,0.0,6,6,,35,30,13,15,0,True,2026-03-19
2026-06-13,all-time,3902103,BDR-CS | Solo Efficiency Quiz Follow-Up,25,LOW SAMPLE,BDR,4.35,0.0,28.57,34.78,0.0,13,23,,0,0,20,5,0,True,2025-06-03
2026-06-13,all-time,3948658,BDR-CS | Tradeshow: Demo Request via Conference CQLs (Multi-product) ,100,LOW SAMPLE,BDR,42.86,14.29,42.86,57.14,0.0,5,7,,35,30,20,15,0,True,2025-07-30
2026-06-13,all-time,3977603,BDR-CS | Webinar Follow Up- DRAFT POLL CQLs,65,REVIEW,BDR,14.78,6.09,14.45,37.91,0.0,270,575,,20,22,13,10,0,False,2025-09-04
2026-06-13,all-time,4127179,BDR-CS | What's New in Clio - April 2026,5,LOW SAMPLE,BDR,0.0,0.0,0.0,33.33,0.0,3,3,,0,0,0,5,0,True,2026-03-25
2026-06-13,all-time,4130733,BDR-CS | What's New in Clio - April 2026 - Video,0,NO DATA,BDR,0.0,0.0,0.0,0.0,0.0,0,0,,0,0,0,0,0,True,2026-03-30
2026-06-13,all-time,4067686,BDR-CS | What's New in Clio - January 2026,0,NO DATA,BDR,0.0,0.0,0.0,0.0,0.0,0,0,,0,0,0,0,0,True,2026-01-13
2026-06-13,all-time,4056438,BDR-CS | Work Free Trial Engagement Outbound,21,ARCHIVE,BDR,2.47,0.31,6.57,50.31,0.0,142,324,,0,0,6,15,0,False,2025-12-16
2026-06-13,all-time,4164031,BDR-CS | [Defendant] Complaint Filing - Clio Work Outreach - OBC ,25,LOW SAMPLE,BDR,0.0,1.6,16.95,27.2,0.0,64,125,,0,0,20,5,0,True,2026-04-29
2026-06-13,all-time,4163374,BDR-CS | [Plaintiff] Complaint Filing - Clio Work Outreach - OBC,16,ARCHIVE,BDR,2.09,1.72,6.82,36.61,0.0,444,814,,0,0,6,10,0,False,2026-04-29
2026-06-13,all-time,4129429,BDR-CS-Draft Canada Launch Cadence - OBC,70,LOW SAMPLE,BDR,25.0,16.67,0.0,33.33,0.0,8,12,,35,30,0,5,0,True,2026-03-27
2026-06-13,all-time,4036799,BDR-CS-MM: November AI CLE - Attended CQL Follow-Up - IBC,10,LOW SAMPLE,BDR,2.94,0.0,0.0,38.24,0.0,10,34,,0,0,0,10,0,True,2025-11-14
2026-06-13,all-time,4200294,BDR-CS-V Apex 30 day Work Trial - Pre-trial BDR cadence,70,LOW SAMPLE,BDR,100.0,0.0,100.0,100.0,0.0,1,1,,35,0,20,15,0,True,2026-05-20
2026-06-13,all-time,4201525,BDR-CS-V Apex COHORT 1 | Firms 2 - 4,65,REVIEW,BDR,10.17,5.52,9.14,38.81,0.0,1140,688,,20,22,13,10,0,False,2026-05-21
2026-06-13,all-time,4208777,BDR-CS-V Apex COHORT 2 | Firms 2 - 4,36,ARCHIVE,BDR,2.59,4.16,8.54,37.84,0.0,1215,1850,,0,13,13,10,0,False,2026-05-27
2026-06-13,all-time,4225407,BDR-CS-V Apex COHORT 3 | Firms 2 - 4,36,ARCHIVE,BDR,2.91,3.31,11.2,38.33,0.0,2461,2236,,0,13,13,10,0,False,2026-06-04
2026-06-13,all-time,4238467,BDR-CS-V Apex COHORT 4 | Firms 2 - 4,0,NO DATA,BDR,0.0,0.0,0.0,0.0,0.0,0,0,,0,0,0,0,0,True,2026-06-10
2026-06-13,all-time,4201331,BDR-CS-V SOLOS - Apex 30 day Work Trial - Pre-trial BDR cadence,0,NO DATA,BDR,0.0,0.0,0.0,0.0,0.0,0,0,,0,0,0,0,0,True,2026-05-21
2026-06-13,all-time,4214165,BDR-CS-V SOLOS COHORT 1 Apex 30 day Work Trial,23,ARCHIVE,BDR,1.46,3.89,0.0,37.29,0.0,660,1853,,0,13,0,10,0,False,2026-05-29
2026-06-13,all-time,4220232,BDR-CS-V SOLOS COHORT 2 Apex 30 day Work Trial,23,ARCHIVE,BDR,0.82,2.27,0.0,37.67,0.0,270,2068,,0,13,0,10,0,False,2026-06-02
2026-06-13,all-time,4225422,BDR-CS-V SOLOS COHORT 3 Apex 30 day Work Trial,18,ARCHIVE,BDR,0.78,2.01,0.0,33.46,0.0,189,4372,,0,13,0,5,0,False,2026-06-04
2026-06-13,all-time,4238466,BDR-CS-V SOLOS COHORT 4 Apex 30 day Work Trial,0,NO DATA,BDR,0.0,0.0,0.0,0.0,0.0,0,0,,0,0,0,0,0,True,2026-06-10
2026-06-13,all-time,4178964,BDR-CS-V | PLG Work Trial FU,93,LOW SAMPLE,BDR,21.52,22.78,7.94,55.7,0.0,50,79,,35,30,13,15,0,True,2026-05-07
2026-06-13,all-time,3850647,"BDR-CS: 2025-04-08 Webinar: Intake CLE - Attended ""Optional Grow Demo"" CQLs",52,LOW SAMPLE,BDR,2.63,5.26,15.15,39.47,0.0,19,38,,0,22,20,10,0,True,2025-04-06
2026-06-13,all-time,3885353,BDR-CS: 2025-05 Webinar: Grow Walkthrough - CQLs,77,LOW SAMPLE,BDR,12.9,6.45,30.0,54.84,0.0,16,31,,20,22,20,15,0,True,2025-05-14
2026-06-13,all-time,3851767,BDR-CS: 2026-04-02 Webinar: Intake CLE - Grow Demo CQLs-IBC,67,LOW SAMPLE,BDR,11.29,8.06,17.83,30.65,0.0,72,124,,20,22,20,5,0,True,2025-04-07
2026-06-13,all-time,4077612,BDR-CS: AI CQL= Downloaded a Guide (AI Content) - IBC [archived - do not use],43,LOW SAMPLE,BDR,7.14,1.79,8.0,37.5,0.0,32,56,,20,0,13,10,0,True,2026-01-27
2026-06-13,all-time,4134072,BDR-CS: AI Suite Demo Webinar - Invite,5,ARCHIVE,BDR,0.0,0.0,0.0,25.6,0.0,169,168,,0,0,0,5,0,False,2026-04-02
2026-06-13,all-time,3947253,BDR-CS: August 2025 Webinar Events Email Invite,5,ARCHIVE,BDR,3.08,0.12,0.0,27.92,0.0,3374,3249,,0,0,0,5,0,False,2025-07-29
2026-06-13,all-time,3978197,BDR-CS: CLE Optional Draft Walkthrough - CQL Follow-Up ,65,LOW SAMPLE,BDR,7.14,5.1,9.8,37.76,0.0,56,98,,20,22,13,10,0,True,2025-09-05
2026-06-13,all-time,3954418,BDR-CS: Canada - Duo Outbound Feature Heavy - Upload Canadian Firms on US server,44,LOW SAMPLE,BDR,10.53,2.63,4.76,23.68,0.0,59,38,,20,13,6,5,0,True,2025-08-06
2026-06-13,all-time,3476900,BDR-CS: Canada Grow Cadence,5,ARCHIVE,BDR,2.04,0.68,0.0,29.99,0.0,611,2054,,0,0,0,5,0,False,2024-04-05
2026-06-13,all-time,4087461,BDR-CS: Clio Draft Canada (US Server) Outbound Cadence,43,ARCHIVE,BDR,3.04,2.78,15.59,35.22,0.0,412,1150,,0,13,20,10,0,False,2026-02-09
2026-06-13,all-time,3926329,BDR-CS: Clio Draft Demo Request,88,KEEP,BDR,44.77,10.95,12.35,39.58,0.0,1135,1617,,35,30,13,10,0,False,2025-07-02
2026-06-13,all-time,4052667,BDR-CS: Clio Manage AI Demo Webinar - Invite,5,ARCHIVE,BDR,1.45,0.72,0.0,28.26,0.0,135,138,,0,0,0,5,0,False,2025-12-09
2026-06-13,all-time,4013180,BDR-CS: Clio Work Demo Request,80,KEEP,BDR,33.52,6.23,11.11,36.97,0.0,1488,2375,,35,22,13,10,0,False,2025-10-17
2026-06-13,all-time,4021814,BDR-CS: Clio Work Demo Webinar (Weekly on Friday) - Invite Copy ,5,ARCHIVE,BDR,3.99,0.46,0.0,31.75,0.0,641,652,,0,0,0,5,0,False,2025-10-28
2026-06-13,all-time,4193342,BDR-CS: Clio Work Litigation Webinar - Poll CQLs - IBC,63,LOW SAMPLE,BDR,30.43,4.35,0.0,65.22,0.0,13,23,,35,13,0,15,0,True,2026-05-15
2026-06-13,all-time,4193398,BDR-CS: Clio Work Litigation Webinar - Registered (Attended + Not Attended) - IBC,31,LOW SAMPLE,BDR,3.73,4.48,12.82,26.12,0.0,43,134,,0,13,13,5,0,True,2026-05-15
2026-06-13,all-time,4027144,BDR-CS: Clio Work OPT OUT CQLs,73,REVIEW,BDR,13.41,11.96,9.82,43.12,0.0,205,276,,20,30,13,10,0,False,2025-11-04
2026-06-13,all-time,4013445,BDR-CS: Clio Work Outbound,18,ARCHIVE,BDR,3.32,0.53,10.91,27.79,0.0,5627,10516,,0,0,13,5,0,False,2025-10-17
2026-06-13,all-time,4190221,BDR-CS: Clio Work PA Webinars - Invite (May 2026),10,ARCHIVE,BDR,2.08,0.55,0.0,36.69,0.0,777,913,,0,0,0,10,0,False,2026-05-14
2026-06-13,all-time,4193374,BDR-CS: Clio Work Transactional Webinar - Poll CQLs - IBC,85,LOW SAMPLE,BDR,63.64,9.09,7.69,54.55,0.0,5,11,,35,22,13,15,0,True,2026-05-15
2026-06-13,all-time,4193410,BDR-CS: Clio Work Transactional Webinar - Registered (Attended + Not Attended) - IBC,29,LOW SAMPLE,BDR,3.26,3.26,3.33,42.39,0.0,31,92,,0,13,6,10,0,True,2026-05-15
2026-06-13,all-time,4024594,BDR-CS: Clio Work Webinar - Registered (Attended + Not Attended),18,ARCHIVE,BDR,4.92,1.41,13.86,33.97,0.0,293,995,,0,0,13,5,0,False,2025-10-31
2026-06-13,all-time,3966318,BDR-CS: ClioCon 2025: Invite to customers - Ciara,38,ARCHIVE,BDR,9.01,2.15,0.0,33.05,0.0,149,233,,20,13,0,5,0,False,2025-08-20
2026-06-13,all-time,3966324,BDR-CS: ClioCon 2025: Invite to customers - Gareth,10,ARCHIVE,BDR,3.5,1.62,0.0,38.81,0.0,173,371,,0,0,0,10,0,False,2025-08-20
2026-06-13,all-time,3966340,BDR-CS: ClioCon 2025: Invite to customers - Liz,5,ARCHIVE,BDR,2.23,1.4,0.0,31.56,0.0,327,358,,0,0,0,5,0,False,2025-08-20
2026-06-13,all-time,4133512,BDR-CS: Customer AMA Webinar (AI Focus) - Invite,43,ARCHIVE,BDR,9.16,3.82,0.0,41.22,0.0,130,131,,20,13,0,10,0,False,2026-04-01
2026-06-13,all-time,4134164,BDR-CS: Customer AMA Webinar (AI Focus) - Invite,5,ARCHIVE,BDR,4.45,0.0,0.0,30.36,0.0,248,247,,0,0,0,5,0,False,2026-04-02
2026-06-13,all-time,4134159,BDR-CS: Customer AMA Webinar (Clio Work) - Invite,5,ARCHIVE,BDR,4.35,1.09,0.0,31.52,0.0,184,184,,0,0,0,5,0,False,2026-04-02
2026-06-13,all-time,4133526,BDR-CS: Customer AMA Webinar (Clio Work) - Invite,5,ARCHIVE,BDR,0.56,0.56,0.0,30.9,0.0,178,178,,0,0,0,5,0,False,2026-04-01
2026-06-13,all-time,4133528,BDR-CS: Customer AMA Webinar (Draft) - General Invite,0,NO DATA,BDR,0.0,0.0,0.0,0.0,0.0,0,0,,0,0,0,0,0,True,2026-04-01
2026-06-13,all-time,4133522,BDR-CS: Customer AMA Webinar (Draft) - Open Opp Invite,43,LOW SAMPLE,BDR,11.46,3.12,0.0,41.67,0.0,95,96,,20,13,0,10,0,True,2026-04-01
2026-06-13,all-time,4133521,BDR-CS: Customer AMA Webinar (Manage AI) - Invite,30,ARCHIVE,BDR,5.56,0.69,0.0,39.58,0.0,147,144,,20,0,0,10,0,False,2026-04-01
2026-06-13,all-time,3968619,BDR-CS: Customer Subscription Upgrade Demo Request ,95,LOW SAMPLE,BDR,44.07,13.56,17.5,37.29,0.0,42,59,,35,30,20,10,0,True,2025-08-22
2026-06-13,all-time,4044925,BDR-CS: December 2025 Webinar Events Email Invite,5,LOW SAMPLE,BDR,0.0,0.0,0.0,28.57,0.0,14,14,,0,0,0,5,0,True,2025-11-26
2026-06-13,all-time,3976330,BDR-CS: Draft - Document Automation Focus - No Court forms,11,LOW SAMPLE,BDR,1.59,0.4,3.42,21.03,0.0,79,252,,0,0,6,5,0,True,2025-09-03
2026-06-13,all-time,3933736,BDR-CS: Draft - Visited Feature Page CQL,38,ARCHIVE,BDR,7.99,1.92,11.58,31.31,0.0,175,313,,20,0,13,5,0,False,2025-07-13
2026-06-13,all-time,3932479,BDR-CS: Draft Walkthrough Webinar CQL Follow-Up,60,LOW SAMPLE,BDR,6.18,5.62,8.04,31.46,0.0,68,178,,20,22,13,5,0,True,2025-07-10
2026-06-13,all-time,3913862,BDR-CS: Duo CQL= AI Course Completion ,51,LOW SAMPLE,BDR,7.61,2.03,11.29,31.98,0.0,70,197,,20,13,13,5,0,True,2025-06-16
2026-06-13,all-time,3938458,BDR-CS: Duo Outbound Feature Heavy Auto,38,ARCHIVE,BDR,9.0,1.42,9.24,32.7,0.0,316,633,,20,0,13,5,0,False,2025-07-17
2026-06-13,all-time,4147661,BDR-CS: Essentials upsell - Plan Harmonization,80,KEEP,BDR,5.58,13.2,15.0,40.1,0.0,103,197,,20,30,20,10,0,False,2026-04-15
2026-06-13,all-time,4028314,BDR-CS: Family Law Summit - Webinar Poll Follow-Up: Manage AI CQLs,66,LOW SAMPLE,BDR,15.96,4.26,12.44,22.34,0.0,58,94,,35,13,13,5,0,True,2025-11-05
2026-06-13,all-time,3836839,BDR-CS: Feature Heavy  - Copy,80,LOW SAMPLE,BDR,16.67,16.67,0.0,50.0,0.0,5,6,,35,30,0,15,0,True,2025-03-21
2026-06-13,all-time,3634939,BDR-CS: Feature Heavy Accounting ,18,ARCHIVE,BDR,3.07,0.7,11.95,25.44,0.0,5059,11924,,0,0,13,5,0,False,2024-07-24
2026-06-13,all-time,3956782,BDR-CS: Feature Heavy Draft Outbound - Wills & Estates/Family,18,ARCHIVE,BDR,1.09,0.45,10.19,25.5,0.0,461,1553,,0,0,13,5,0,False,2025-08-08
2026-06-13,all-time,3927682,BDR-CS: Feature Heavy Draft Outbound Cadence,18,ARCHIVE,BDR,2.91,0.58,7.04,25.07,0.0,2396,5361,,0,0,13,5,0,False,2025-07-04
2026-06-13,all-time,3932309,BDR-CS: Feature Heavy Draft Outbound Cadence - Copy,25,LOW SAMPLE,BDR,7.5,0.0,0.0,22.5,0.0,21,40,,20,0,0,5,0,True,2025-07-10
2026-06-13,all-time,3306014,BDR-CS: Feature Heavy Grow,25,ARCHIVE,BDR,4.48,0.74,17.18,25.71,0.0,4956,12491,,0,0,20,5,0,False,2023-11-03
2026-06-13,all-time,3404329,BDR-CS: Feature Heavy Grow/PI,18,ARCHIVE,BDR,3.73,0.63,13.55,28.41,0.0,515,1260,,0,0,13,5,0,False,2024-02-15
2026-06-13,all-time,3372184,BDR-CS: Feature Heavy Personal Injury ,45,ARCHIVE,BDR,6.28,1.48,17.0,27.06,0.0,2164,4394,,20,0,20,5,0,False,2024-01-19
2026-06-13,all-time,3395367,"BDR-CS: Grow Demo Webinar-  ""Watch How Law Firms Use Clio for Client Intake""  ",45,ARCHIVE,BDR,11.71,1.54,16.88,31.59,0.0,282,649,,20,0,20,5,0,False,2024-02-08
2026-06-13,all-time,4103869,BDR-CS: Manage AI Free Trial Pilot: March 2026 [Pre-Trial] - IBC,50,LOW SAMPLE,BDR,25.0,0.0,0.0,50.0,0.0,1,4,,35,0,0,15,0,True,2026-02-27
2026-06-13,all-time,3748830,BDR-CS: Manage AI Outbound Feature Heavy,18,ARCHIVE,BDR,4.7,0.37,10.48,26.25,0.0,13105,8998,,0,0,13,5,0,False,2024-11-29
2026-06-13,all-time,4057832,BDR-CS: Manage AI Webinar - Poll CQL - IBC,75,LOW SAMPLE,BDR,15.09,5.66,11.39,20.75,0.0,36,53,,35,22,13,5,0,True,2025-12-17
2026-06-13,all-time,4071526,BDR-CS: Manage AI Webinar - Reg + Attendee CQL - IBC,33,LOW SAMPLE,BDR,7.53,1.37,8.33,15.07,0.0,76,146,,20,0,13,0,0,True,2026-01-20
2026-06-13,all-time,4057564,BDR-CS: Manage AI Webinar - Registered (Attended + Not Attended),56,LOW SAMPLE,BDR,6.82,3.03,13.92,48.86,0.0,85,264,,20,13,13,10,0,True,2025-12-17
2026-06-13,all-time,4027952,BDR-CS: November 2025 Webinar Events Email Invite,15,LOW SAMPLE,BDR,0.0,0.0,0.0,100.0,0.0,1,1,,0,0,0,15,0,True,2025-11-05
2026-06-13,all-time,4035936,BDR-CS: November AI CLE - Attended CQL Follow-Up (IDS),25,LOW SAMPLE,BDR,0.0,1.61,15.15,33.87,0.0,28,62,,0,0,20,5,0,True,2025-11-13
2026-06-13,all-time,4154866,BDR-CS: Personal Injury Add-on + Work,38,ARCHIVE,BDR,7.86,0.36,8.47,21.79,0.0,156,280,,20,0,13,5,0,False,2026-04-22
2026-06-13,all-time,3935745,BDR-CS: Personal Injury Outbound Cadence PART 2 ,18,ARCHIVE,BDR,2.54,0.38,8.48,20.53,0.0,1299,2358,,0,0,13,5,0,False,2025-07-15
2026-06-13,all-time,3938327,BDR-CS: Personal Injury Outbound Cadence Part 2 Shorter emails,35,LOW SAMPLE,BDR,6.67,0.0,0.0,60.0,0.0,5,15,,20,0,0,15,0,True,2025-07-17
2026-06-13,all-time,4024841,BDR-CS: Webinar Poll Follow-Up: Work CQLs - IBC,73,LOW SAMPLE,BDR,24.69,5.56,6.83,43.21,0.0,92,162,,35,22,6,10,0,True,2025-10-31
2026-06-13,all-time,3691796,BDR-Customer Sales - Hot Leads - Call Only Cadence,6,LOW SAMPLE,BDR,0.0,0.0,4.35,0.0,0.0,14,0,,0,0,6,0,0,True,2024-09-24
2026-06-13,all-time,3946557,BDR-MM - Call Only Cadence,6,ARCHIVE,BDR,0.0,0.0,4.49,0.0,0.0,741,0,,0,0,6,0,0,False,2025-07-28
2026-06-13,all-time,4148573,BDR-MM - In person conference - ALA 2026,44,LOW SAMPLE,BDR,5.56,2.78,4.29,22.22,0.0,12,36,,20,13,6,5,0,True,2026-04-16
2026-06-13,all-time,4136824,BDR-MM 2026 - Revised Cadence,5,ARCHIVE,BDR,0.0,0.27,0.0,21.86,0.0,899,2594,,0,0,0,5,0,False,2026-04-07
2026-06-13,all-time,4147917,BDR-MM April 26 - PI AMA,5,ARCHIVE,BDR,0.0,0.0,0.0,20.88,0.0,183,182,,0,0,0,5,0,False,2026-04-15
2026-06-13,all-time,4087549,BDR-Outbound-Velocity-February26,6,ARCHIVE,BDR,0.0,0.19,6.77,19.57,0.0,304,1058,,0,0,6,0,0,False,2026-02-09
2026-06-13,all-time,4080025,BDR-S  Vincent CA New Senate Bill SB 574 - West Coast blitz,6,ARCHIVE,BDR,0.0,1.06,6.67,16.76,0.0,327,376,,0,0,6,0,0,False,2026-01-29
2026-06-13,all-time,3976935,BDR-S - AQL - Draft - Ebook Downloads  ,18,ARCHIVE,BDR,3.12,0.96,9.14,31.97,0.0,177,416,,0,0,13,5,0,False,2025-09-03
2026-06-13,all-time,3976937,BDR-S - AQL - Draft Webinar ,18,ARCHIVE,BDR,3.69,1.11,8.64,34.32,0.0,169,271,,0,0,13,5,0,False,2025-09-03
2026-06-13,all-time,3760621,BDR-S - AQLs Excl Draft - September 2025,18,ARCHIVE,BDR,2.01,1.88,7.69,28.6,0.0,8042,18621,,0,0,13,5,0,False,2024-12-16
2026-06-13,all-time,3928856,BDR-S - CSQL,100,LOW SAMPLE,BDR,100.0,33.33,33.33,100.0,0.0,7,3,,35,30,20,15,0,True,2025-07-07
2026-06-13,all-time,4217646,BDR-S - California AI Compliance - Prospecting,0,ARCHIVE,BDR,0.0,0.37,2.13,13.06,0.0,338,268,,0,0,0,0,0,False,2026-06-01
2026-06-13,all-time,3096741,BDR-S - Call Only Cadence,13,ARCHIVE,BDR,0.0,0.0,8.07,0.0,0.0,3578,0,,0,0,13,0,0,False,2023-05-02
2026-06-13,all-time,4193173,BDR-S - Call Only Cadence ,6,ARCHIVE,BDR,0.0,0.0,6.76,0.0,0.0,138,0,,0,0,6,0,0,False,2026-05-15
2026-06-13,all-time,4017696,BDR-S - Clio AI - AQL,11,ARCHIVE,BDR,1.23,0.85,5.7,27.54,0.0,2034,4812,,0,0,6,5,0,False,2025-10-22
2026-06-13,all-time,4018607,BDR-S - Clio Work - ClosedLost ,18,ARCHIVE,BDR,1.68,1.49,8.48,21.58,0.0,346,1010,,0,0,13,5,0,False,2025-10-23
2026-06-13,all-time,4042251,BDR-S - ClioWork / vLex AQL,11,ARCHIVE,BDR,0.86,0.15,5.39,22.2,0.0,1225,2667,,0,0,6,5,0,False,2025-11-21
2026-06-13,all-time,4153274,"BDR-S - ClioWork Standalone, AI Intent YTD",0,ARCHIVE,BDR,0.02,0.14,0.0,17.02,0.0,2473,9927,,0,0,0,0,0,False,2026-04-21
2026-06-13,all-time,3764827,BDR-S - Closed Lost - 2025,51,REVIEW,BDR,6.43,2.83,7.99,26.27,0.0,9004,9747,,20,13,13,5,0,False,2024-12-30
2026-06-13,all-time,4116449,BDR-S - Closed Lost - 2025 - Copy,11,LOW SAMPLE,BDR,0.0,0.0,4.55,25.0,0.0,6,4,,0,0,6,5,0,True,2026-03-13
2026-06-13,all-time,4083836,BDR-S - Divorce Month Family Law Sprint Q1 2026,11,ARCHIVE,BDR,0.78,0.64,5.12,21.91,0.0,464,1415,,0,0,6,5,0,False,2026-02-03
2026-06-13,all-time,4233133,BDR-S - Docket Alarm - Defendant,20,LOW SAMPLE,BDR,0.0,0.0,33.33,0.0,0.0,2,3,,0,0,20,0,0,True,2026-06-09
2026-06-13,all-time,4233092,BDR-S - Docket Alarm - Plaintiff,13,LOW SAMPLE,BDR,3.85,0.0,10.71,19.23,0.0,23,26,,0,0,13,0,0,True,2026-06-09
2026-06-13,all-time,4092303,BDR-S - EMAIL ONLY Divorce Month Family Law Sprint,0,ARCHIVE,BDR,0.03,0.17,0.0,18.14,0.0,683,3622,,0,0,0,0,0,False,2026-02-13
2026-06-13,all-time,4075112,BDR-S - MS WEBINAR CLE,11,LOW SAMPLE,BDR,0.27,0.82,4.78,32.34,0.0,84,368,,0,0,6,5,0,True,2026-01-23
2026-06-13,all-time,3764782,BDR-S - NMQLs - 2025,11,ARCHIVE,BDR,3.41,1.76,5.91,25.36,0.0,8639,16001,,0,0,6,5,0,False,2024-12-28
2026-06-13,all-time,4103813,BDR-S - No Show Cadence - 2026,44,LOW SAMPLE,BDR,13.79,2.3,6.86,28.74,0.0,50,87,,20,13,6,5,0,True,2026-02-27
2026-06-13,all-time,2953399,BDR-S - No Show Cadence - Sept 2025,75,KEEP,BDR,17.56,7.21,13.82,30.04,0.0,495,1082,,35,22,13,5,0,False,2023-01-19
2026-06-13,all-time,4102883,BDR-S - Post Demo Booked Cadence,75,KEEP,BDR,49.57,11.21,0.0,46.55,0.0,198,232,,35,30,0,10,0,False,2026-02-26
2026-06-13,all-time,3923794,BDR-S - Scorpion x Clio,11,ARCHIVE,BDR,3.81,0.0,6.8,29.66,0.0,159,236,,0,0,6,5,0,False,2025-06-30
2026-06-13,all-time,4106678,BDR-S ClioWork Email Only 1.0,0,ARCHIVE,BDR,0.04,0.11,0.0,15.78,0.0,3370,9489,,0,0,0,0,0,False,2026-03-03
2026-06-13,all-time,3881137,BDR-S Cold Outbound 2025 ,11,ARCHIVE,BDR,0.7,1.06,6.0,21.02,0.0,1778,3868,,0,0,6,5,0,False,2025-05-09
2026-06-13,all-time,4124493,BDR-S Enriched Accounts - Litigators,11,ARCHIVE,BDR,0.65,0.65,5.32,21.79,0.0,317,459,,0,0,6,5,0,False,2026-03-23
2026-06-13,all-time,4131520,BDR-S Enriched Accounts - Litigators - Email Only,0,ARCHIVE,BDR,0.0,0.0,0.0,19.35,0.0,659,2604,,0,0,0,0,0,False,2026-03-31
2026-06-13,all-time,4129934,BDR-S Enriched Accounts - Multi-Practice,6,ARCHIVE,BDR,0.95,0.48,4.66,17.94,0.0,357,630,,0,0,6,0,0,False,2026-03-30
2026-06-13,all-time,4131563,BDR-S Enriched Accounts - Multi-Practice - Email Only,0,ARCHIVE,BDR,0.0,0.06,0.0,13.48,0.0,817,3538,,0,0,0,0,0,False,2026-03-31
2026-06-13,all-time,4124516,BDR-S Enriched Accounts - Personal Injury,11,ARCHIVE,BDR,0.42,0.21,3.82,22.76,0.0,322,479,,0,0,6,5,0,False,2026-03-23
2026-06-13,all-time,4131551,BDR-S Enriched Accounts - Personal Injury - Email Only,0,ARCHIVE,BDR,0.09,0.09,0.0,19.0,0.0,1211,4343,,0,0,0,0,0,False,2026-03-31
2026-06-13,all-time,4124505,BDR-S Enriched Accounts - Transactional,11,ARCHIVE,BDR,0.53,0.27,4.2,25.0,0.0,210,376,,0,0,6,5,0,False,2026-03-23
2026-06-13,all-time,4131537,BDR-S Enriched Accounts - Transactional - Email Only,0,ARCHIVE,BDR,0.0,0.0,0.0,19.03,0.0,432,1545,,0,0,0,0,0,False,2026-03-31
2026-06-13,all-time,4117451,BDR-S HH Litigation Sprint - EMAIL ONLY - Copy,0,ARCHIVE,BDR,0.06,0.13,0.0,19.74,0.0,773,3105,,0,0,0,0,0,False,2026-03-16
2026-06-13,all-time,4117452,BDR-S HH Litigation Sprint March 2026,11,ARCHIVE,BDR,0.12,1.75,5.73,25.22,0.0,308,801,,0,0,6,5,0,False,2026-03-16
2026-06-13,all-time,4198083,BDR-S HH May Sprint  - Attorney PI,18,ARCHIVE,BDR,0.0,0.47,8.99,23.4,0.0,220,423,,0,0,13,5,0,False,2026-05-19
2026-06-13,all-time,4198090,BDR-S HH May Sprint - PI EMAIL ONLY,0,ARCHIVE,BDR,0.0,0.24,0.0,17.2,0.0,999,1640,,0,0,0,0,0,False,2026-05-19
2026-06-13,all-time,4196394,BDR-S IS Litigation May 2026 - EMAIL ONLY,0,LOW SAMPLE,BDR,0.0,0.0,0.0,10.53,0.0,33,95,,0,0,0,0,0,True,2026-05-18
2026-06-13,all-time,4196393,BDR-S IS Litigation May 2026 - Muli-touch,45,LOW SAMPLE,BDR,0.0,9.09,7.14,45.45,0.0,4,11,,0,22,13,10,0,True,2026-05-18
2026-06-13,all-time,4199346,BDR-S IS PA Sprint  - Family Law- EMAIL ONLY,10,LOW SAMPLE,BDR,0.0,0.0,0.0,42.86,0.0,3,7,,0,0,0,10,0,True,2026-05-19
2026-06-13,all-time,4199326,BDR-S IS PA Sprint  - Family Law- Multi Touch,0,LOW SAMPLE,BDR,0.0,0.0,0.0,0.0,0.0,1,1,,0,0,0,0,0,True,2026-05-19
2026-06-13,all-time,4199387,BDR-S IS PA Sprint - Business & Corp -  EMAIL ONLY ,0,NO DATA,BDR,0.0,0.0,0.0,0.0,0.0,0,0,,0,0,0,0,0,True,2026-05-19
2026-06-13,all-time,4199386,BDR-S IS PA Sprint - Business & Corp -  Multi Touch,0,NO DATA,BDR,0.0,0.0,0.0,0.0,0.0,0,0,,0,0,0,0,0,True,2026-05-19
2026-06-13,all-time,4199381,BDR-S IS PA Sprint - Employment Law -  EMAIL ONLY,0,NO DATA,BDR,0.0,0.0,0.0,0.0,0.0,0,0,,0,0,0,0,0,True,2026-05-19
2026-06-13,all-time,4199373,BDR-S IS PA Sprint - Employment Law -  Multi Touch ,0,NO DATA,BDR,0.0,0.0,0.0,0.0,0.0,0,0,,0,0,0,0,0,True,2026-05-19
2026-06-13,all-time,4199384,BDR-S IS PA Sprint - Real Estate -  EMAIL ONLY,0,NO DATA,BDR,0.0,0.0,0.0,0.0,0.0,0,0,,0,0,0,0,0,True,2026-05-19
2026-06-13,all-time,4199383,BDR-S IS PA Sprint - Real Estate -  Multi Touch,0,NO DATA,BDR,0.0,0.0,0.0,0.0,0.0,0,0,,0,0,0,0,0,True,2026-05-19
2026-06-13,all-time,4199350,BDR-S IS PA Sprint - W&E -  Multi Touch,0,NO DATA,BDR,0.0,0.0,0.0,0.0,0.0,0,0,,0,0,0,0,0,True,2026-05-19
2026-06-13,all-time,4199352,BDR-S IS PA Sprint - W&E - EMAIL ONLY,0,NO DATA,BDR,0.0,0.0,0.0,0.0,0.0,0,0,,0,0,0,0,0,True,2026-05-19
2026-06-13,all-time,3939406,BDR-S Keep Warm / Nurture,18,ARCHIVE,BDR,3.35,0.57,9.23,21.65,0.0,971,1224,,0,0,13,5,0,False,2025-07-18
2026-06-13,all-time,4119568,BDR-S PI COLD EMAIL ONLY Sprint - KF  ,0,ARCHIVE,BDR,0.0,0.22,0.0,16.62,0.0,465,2744,,0,0,0,0,0,False,2026-03-17
2026-06-13,all-time,4119549,BDR-S PI COLD Sprint - KF ,6,ARCHIVE,BDR,0.52,0.9,3.67,19.64,0.0,470,774,,0,0,6,0,0,False,2026-03-17
2026-06-13,all-time,4069701,BDR-S PI vLex Sprint - EMAIL ONLY,0,ARCHIVE,BDR,0.05,0.13,0.0,19.64,0.0,2812,11917,,0,0,0,0,0,False,2026-01-15
2026-06-13,all-time,4069651,BDR-S PI vLex Sprint Jan 2026,11,ARCHIVE,BDR,1.0,0.93,5.56,23.31,0.0,1869,5578,,0,0,6,5,0,False,2026-01-15
2026-06-13,all-time,4089005,BDR-V  Vincent CA New Senate Bill SB 574 ,18,ARCHIVE,BDR,1.94,0.51,7.92,28.55,0.0,500,1184,,0,0,13,5,0,False,2026-02-10
2026-06-13,all-time,4200450,BDR-V - 1st No Show Cadence - 2026,40,LOW SAMPLE,BDR,6.67,0.0,15.38,16.67,0.0,23,30,,20,0,20,0,0,True,2026-05-20
2026-06-13,all-time,4200730,BDR-V - 2+ No Show Cadence - 2026 ,15,LOW SAMPLE,BDR,0.0,0.0,0.0,50.0,0.0,1,2,,0,0,0,15,0,True,2026-05-20
2026-06-13,all-time,4160456,BDR-V - High Intent - AI Education Programs AQL 2026  ,18,ARCHIVE,BDR,2.41,0.5,8.28,29.32,0.0,505,1204,,0,0,13,5,0,False,2026-04-28
2026-06-13,all-time,4174846,BDR-V - High Intent - Billing/Accounting AQLs 2026  ,6,LOW SAMPLE,BDR,3.17,0.0,3.33,19.05,0.0,25,63,,0,0,6,0,0,True,2026-05-05
2026-06-13,all-time,4104223,BDR-V - High Intent - New Firm AQL 2026 ,11,ARCHIVE,BDR,3.28,0.75,6.56,32.81,0.0,442,1463,,0,0,6,5,0,False,2026-03-01
2026-06-13,all-time,4155679,BDR-V - Low Intent - New Firm AQL 2026 ,25,LOW SAMPLE,BDR,1.49,0.0,17.65,26.87,0.0,19,67,,0,0,20,5,0,True,2026-04-23
2026-06-13,all-time,4177605,BDR-V - Medium Intent - Intake - AQL 2026,11,LOW SAMPLE,BDR,1.54,0.0,5.88,21.54,0.0,28,65,,0,0,6,5,0,True,2026-05-06
2026-06-13,all-time,4174446,BDR-V - Medium Intent - Legal Trends AQL 2026 ,11,ARCHIVE,BDR,1.17,0.59,6.87,28.57,0.0,428,854,,0,0,6,5,0,False,2026-05-05
2026-06-13,all-time,4155637,BDR-V - Medium Intent - New Firm AQL 2026  ,18,LOW SAMPLE,BDR,0.52,0.52,7.09,26.7,0.0,64,191,,0,0,13,5,0,True,2026-04-23
2026-06-13,all-time,4177064,BDR-V - Medium Intent - PI/Litigation AQL 2026 ,18,LOW SAMPLE,BDR,2.63,0.0,10.48,24.56,0.0,52,114,,0,0,13,5,0,True,2026-05-06
2026-06-13,all-time,4177505,BDR-V - Medium Intent - Remote/Efficiency AQL 2026  ,18,LOW SAMPLE,BDR,1.96,0.0,8.18,32.35,0.0,43,102,,0,0,13,5,0,True,2026-05-06
2026-06-13,all-time,4175687,BDR-V - Outbound New Firm - Litigators,10,LOW SAMPLE,BDR,0.0,0.0,2.5,37.1,0.0,23,62,,0,0,0,10,0,True,2026-05-05
2026-06-13,all-time,4181125,BDR-V - Outbound New Firm - Transactional,25,LOW SAMPLE,BDR,0.0,0.0,16.67,30.91,0.0,26,55,,0,0,20,5,0,True,2026-05-08
2026-06-13,all-time,4042240,BDR-V - vLex AQL,11,ARCHIVE,BDR,1.39,0.57,6.76,29.03,0.0,4768,12830,,0,0,6,5,0,False,2025-11-21
2026-06-13,all-time,4057774,BDR-V - vLex Territory Revival Blitz December 2025 - Prospecting,18,ARCHIVE,BDR,2.76,1.28,7.05,26.35,0.0,1106,3048,,0,0,13,5,0,False,2025-12-17
2026-06-13,all-time,4076501,BDR-V - vLex Territory Revival January 26- Prospecting ,25,ARCHIVE,BDR,1.12,0.43,16.32,28.64,0.0,2596,8321,,0,0,20,5,0,False,2026-01-26
2026-06-13,all-time,3688424,BDR-V / BDR-S - Sendoso Golf Accounting Direct Mail Follow-up - Prospecting,60,LOW SAMPLE,BDR,9.64,6.02,13.25,33.73,0.0,51,83,,20,22,13,5,0,True,2024-09-19
2026-06-13,all-time,4088031,BDR-V California Senate Bill 574 - Copy,23,LOW SAMPLE,BDR,0.0,0.0,9.09,36.36,0.0,56,44,,0,0,13,10,0,True,2026-02-09
2026-06-13,all-time,4143622,BDR-V Discovery Call and Long Term Simmer ,5,ARCHIVE,BDR,0.97,0.14,0.0,29.78,0.0,370,722,,0,0,0,5,0,False,2026-04-13
2026-06-13,all-time,4096089,BDR-V NAQL AI/vLex Cadence,18,ARCHIVE,BDR,2.56,0.78,7.82,25.14,0.0,949,2816,,0,0,13,5,0,False,2026-02-18
2026-06-13,all-time,4085076,BDR-V PI ClioWork and vLex,11,ARCHIVE,BDR,0.83,0.54,5.27,22.23,0.0,857,2407,,0,0,6,5,0,False,2026-02-04
2026-06-13,all-time,4207412,BDR-V Webinar Email Blast June 4 2026,13,ARCHIVE,BDR,0.6,0.24,7.72,18.14,0.0,850,1654,,0,0,13,0,0,False,2026-05-26
2026-06-13,all-time,4234036,BDR-V Wills & Estates AI First ,0,NO DATA,BDR,0.0,0.0,0.0,0.0,0.0,0,0,,0,0,0,0,0,True,2026-06-09
2026-06-13,all-time,4089755,BDR-Velo-CS Cancelled Draft Accounts,66,REVIEW,BDR,6.01,10.74,6.07,46.68,0.0,766,1099,,20,30,6,10,0,False,2026-02-11
2026-06-13,all-time,4069886,BDR-Velo-CS Civil Lit Work Cadence,29,ARCHIVE,BDR,4.98,2.38,5.76,41.3,0.0,897,1305,,0,13,6,10,0,False,2026-01-15
2026-06-13,all-time,4090064,BDR-Velo-CS Closed Lost Draft,0,NO DATA,BDR,0.0,0.0,0.0,0.0,0.0,0,1,,0,0,0,0,0,True,2026-02-11
2026-06-13,all-time,4095366,BDR-Velo-CS Criminal Work Campaign,23,ARCHIVE,BDR,3.51,1.89,7.79,42.72,0.0,1290,2224,,0,0,13,10,0,False,2026-02-18
2026-06-13,all-time,4157016,BDR-Velo-CS Draft Call Only,0,NO DATA,BDR,0.0,0.0,0.0,0.0,0.0,0,0,,0,0,0,0,0,True,2026-04-24
2026-06-13,all-time,4143552,BDR-Velo-CS Family Draft Cadence,16,ARCHIVE,BDR,1.97,1.83,4.42,40.28,0.0,1098,1420,,0,0,6,10,0,False,2026-04-13
2026-06-13,all-time,4064304,BDR-Velo-CS Family Law Work Campaign,36,ARCHIVE,BDR,5.38,1.77,6.28,46.05,0.0,2689,2771,,20,0,6,10,0,False,2026-01-08
2026-06-13,all-time,4122401,BDR-Velo-CS Manage + Grow - Draft Cadence,49,ARCHIVE,BDR,5.13,4.43,6.63,41.17,0.0,3172,2436,,20,13,6,10,0,False,2026-03-20
2026-06-13,all-time,4174624,BDR-Velo-CS May '26 Family Law Work ,16,ARCHIVE,BDR,1.95,1.75,6.93,41.18,0.0,1695,1996,,0,0,6,10,0,False,2026-05-05
2026-06-13,all-time,4132927,BDR-Velo-CS PI Work Cadence,23,ARCHIVE,BDR,2.49,1.94,7.51,41.49,0.0,497,723,,0,0,13,10,0,False,2026-04-01
2026-06-13,all-time,4117471,BDR-Velo-CS Real Estate Draft Cadence,29,ARCHIVE,BDR,4.61,4.12,5.19,40.43,0.0,710,1019,,0,13,6,10,0,False,2026-03-16
2026-06-13,all-time,4187515,BDR-Velo-CS Real Estate Grow,0,NO DATA,BDR,0.0,0.0,0.0,0.0,0.0,0,0,,0,0,0,0,0,True,2026-05-13
2026-06-13,all-time,4083068,BDR-Velo-CS Wills & Estates Draft Cadence,29,ARCHIVE,BDR,4.35,4.13,6.07,39.24,0.0,1737,3127,,0,13,6,10,0,False,2026-02-03
2026-06-13,all-time,4157023,BDR-Velo-CS Work Call Only,0,NO DATA,BDR,0.0,0.0,0.0,0.0,0.0,0,0,,0,0,0,0,0,True,2026-04-24
2026-06-13,all-time,4030811,BDR:CS MQL vLex Free Trial from customers,56,REVIEW,BDR,9.14,2.87,7.57,36.2,0.0,202,558,,20,13,13,10,0,False,2025-11-07
2026-06-13,all-time,3973351,BDRV - AQL - Draft - General Practice ,23,ARCHIVE,BDR,1.55,0.89,8.9,36.14,0.0,243,451,,0,0,13,10,0,False,2025-08-28
2026-06-13,all-time,4017580,BDRV - C/L - ClioWork Litigators,11,ARCHIVE,BDR,4.85,1.04,6.58,29.04,0.0,590,2207,,0,0,6,5,0,False,2025-10-22
2026-06-13,all-time,4017668,BDRV - C/L - ClioWork Transactional,18,ARCHIVE,BDR,4.43,1.28,7.07,31.86,0.0,245,857,,0,0,13,5,0,False,2025-10-22
2026-06-13,all-time,3861267,BDRV - C/L Last 120 Days & 3+Weeks No Activity,43,ARCHIVE,BDR,6.3,1.73,8.8,35.97,0.0,1008,1618,,20,0,13,10,0,False,2025-04-16
2026-06-13,all-time,3859625,BDRV - C/L Opportunity Revival,38,ARCHIVE,BDR,5.48,1.66,8.27,31.47,0.0,2208,4213,,20,0,13,5,0,False,2025-04-15
2026-06-13,all-time,4149042,BDRV - FLORIDA ClioWork Litigators,5,LOW SAMPLE,BDR,0.0,0.0,0.0,21.05,0.0,10,19,,0,0,0,5,0,True,2026-04-16
2026-06-13,all-time,4017536,BDRV - Outbound - ClioWork - Not Personalized,11,ARCHIVE,BDR,2.02,0.21,5.69,26.31,0.0,1011,2828,,0,0,6,5,0,False,2025-10-22
2026-06-13,all-time,4018816,BDRV - Outbound - ClioWork - Personalized,11,ARCHIVE,BDR,1.86,0.28,6.6,22.92,0.0,1883,6387,,0,0,6,5,0,False,2025-10-23
2026-06-13,all-time,3967659,BDRV - Outbound - Draft - Criminal Law,18,ARCHIVE,BDR,1.65,0.25,7.4,23.26,0.0,1859,3628,,0,0,13,5,0,False,2025-08-21
2026-06-13,all-time,3932588,BDRV - Velo CORE Prospecting Stand Alone Draft ,18,ARCHIVE,BDR,3.13,0.36,9.01,30.87,0.0,635,1950,,0,0,13,5,0,False,2025-07-10
2026-06-13,all-time,4148988,BDRV - Webinar - Blast - The Future of Legal AI is Here,10,ARCHIVE,BDR,0.4,0.4,0.0,43.3,0.0,1007,1007,,0,0,0,10,0,False,2026-04-16
2026-06-13,all-time,4149044,BDRV -FLORIDA ClioWork Transactional,35,LOW SAMPLE,BDR,0.0,11.11,0.0,33.33,0.0,6,9,,0,30,0,5,0,True,2026-04-16
2026-06-13,all-time,4097239,BDRV 2026 10x10 ,18,ARCHIVE,BDR,2.51,0.77,7.77,25.51,0.0,7447,22499,,0,0,13,5,0,False,2026-02-19
2026-06-13,all-time,4097644,BDRV 2026 ClioWork/vLex Family Law,6,ARCHIVE,BDR,0.19,0.58,4.09,18.39,0.0,535,1033,,0,0,6,0,0,False,2026-02-20
2026-06-13,all-time,4155928,BDRV 2026 Solo and Small Firm Summit Email Blast,20,ARCHIVE,BDR,0.15,0.08,16.33,17.22,0.0,792,1318,,0,0,20,0,0,False,2026-04-23
2026-06-13,all-time,3912135,BDRV AQL - Personalized FRESH AQL Follow-up,36,LOW SAMPLE,BDR,4.2,2.1,8.54,35.71,0.0,91,238,,0,13,13,10,0,True,2025-06-13
2026-06-13,all-time,3832663,BDRV AQL - ZoomInfo Intent/Websites,6,ARCHIVE,BDR,0.52,0.19,4.78,15.31,0.0,537,1541,,0,0,6,0,0,False,2025-03-17
2026-06-13,all-time,3667739,BDRV Coffee + Reschedule,38,ARCHIVE,BDR,12.5,0.66,11.11,31.91,0.0,179,304,,20,0,13,5,0,False,2024-08-27
2026-06-13,all-time,3830937,BDRV MQL - Requested a Demo,44,ARCHIVE,BDR,8.04,3.28,6.6,32.73,0.0,810,2041,,20,13,6,5,0,False,2025-03-14
2026-06-13,all-time,3770221,BDRV NMQL - Exploring Options,18,ARCHIVE,BDR,3.66,0.35,8.54,27.58,0.0,3490,9698,,0,0,13,5,0,False,2025-01-08
2026-06-13,all-time,3830942,BDRV NMQL - Trial Sign-Up,18,ARCHIVE,BDR,2.53,0.89,7.9,31.72,0.0,614,1346,,0,0,13,5,0,False,2025-03-14
2026-06-13,all-time,4134069,BDRV NOLA C/L Revival Cadence,18,ARCHIVE,BDR,3.61,1.76,9.32,24.1,0.0,466,1191,,0,0,13,5,0,False,2026-04-02
2026-06-13,all-time,3929993,BDRV No-CSQL - Draft - Outbound,0,LOW SAMPLE,BDR,0.0,0.0,0.0,0.0,0.0,1,2,,0,0,0,0,0,True,2025-07-08
2026-06-13,all-time,3788563,BDRV Reschedule - Discovery Meetings,43,LOW SAMPLE,BDR,7.41,1.85,9.01,37.04,0.0,57,108,,20,0,13,10,0,True,2025-01-29
2026-06-13,all-time,3832402,BDRV Reschedule - Opportunities in 1.Qualify,53,REVIEW,BDR,22.54,1.75,9.85,31.9,0.0,396,630,,35,0,13,5,0,False,2025-03-17
2026-06-13,all-time,3832493,BDRV Reschedule - SDR Opportunities,38,ARCHIVE,BDR,8.75,1.72,8.88,33.72,0.0,292,697,,20,0,13,5,0,False,2025-03-17
2026-06-13,all-time,3788289,BDRV Simmer - Future Meeting Booked,38,ARCHIVE,BDR,6.52,1.76,10.16,31.78,0.0,2425,7573,,20,0,13,5,0,False,2025-01-29
2026-06-13,all-time,4103982,BDRV Simmer 2026 - High Value Leads (AQL-MQL),18,ARCHIVE,BDR,0.68,0.11,8.7,27.99,0.0,637,1765,,0,0,13,5,0,False,2026-02-27
2026-06-13,all-time,4172434,BDRV VAN C/L Revival Cadence ,11,ARCHIVE,BDR,1.37,1.27,5.79,25.49,0.0,475,1024,,0,0,6,5,0,False,2026-05-04
2026-06-13,all-time,4150440,BDRs-Strat - In person conference - ALA 2026 ,30,LOW SAMPLE,BDR,0.0,20.0,0.0,0.0,0.0,5,5,,0,30,0,0,0,True,2026-04-17
2026-06-13,all-time,4115269,Belgium - BDR Email Only,5,ARCHIVE,BDR,0.12,0.87,0.0,21.14,0.0,142,804,,0,0,0,5,0,False,2026-03-12
2026-06-13,all-time,4009954,CS-BDR | ClioCon - In Person & Virtual [Attended No CQL],0,NO DATA,BDR,8.46,0.37,0.0,37.87,0.0,0,272,,20,0,0,10,0,True,2025-10-14
2026-06-13,all-time,4009952,CS-BDR | ClioCon - In Person [Lead Scan CQL],73,LOW SAMPLE,BDR,52.73,7.27,5.32,46.36,0.0,88,110,,35,22,6,10,0,True,2025-10-14
2026-06-13,all-time,4009959,CS-BDR | ClioCon - Virtual [AI Session CQL],38,ARCHIVE,BDR,12.62,0.32,7.81,30.42,0.0,135,309,,20,0,13,5,0,False,2025-10-14
2026-06-13,all-time,4017290,CS-BDR | ClioCon - Virtual [Draft Session CQL],46,LOW SAMPLE,BDR,17.02,0.0,5.0,23.4,0.0,29,47,,35,0,6,5,0,True,2025-10-22
2026-06-13,all-time,4009957,CS-BDR | ClioCon - Virtual [Poll CQL],73,LOW SAMPLE,BDR,30.0,3.33,15.0,33.33,0.0,53,60,,35,13,20,5,0,True,2025-10-14
2026-06-13,all-time,4130858,Canada Draft BDR - MM,23,LOW SAMPLE,BDR,0.0,0.0,8.7,40.28,0.0,74,72,,0,0,13,10,0,True,2026-03-30
2026-06-13,all-time,4132697,Canada Draft BDR - MM - nurture,10,LOW SAMPLE,BDR,0.0,1.27,0.0,47.77,0.0,26,157,,0,0,0,10,0,True,2026-04-01
2026-06-13,all-time,3982399,European Countries - BDR Outbound,18,ARCHIVE,BDR,0.2,1.21,11.92,27.46,0.0,210,994,,0,0,13,5,0,False,2025-09-11
2026-06-13,all-time,3982463,European Countries - BDR ReEngage,43,ARCHIVE,BDR,2.32,2.32,17.35,35.93,0.0,159,604,,0,13,20,10,0,False,2025-09-11
2026-06-13,all-time,3978560,Intent Outbound - BDR-S - AWARE - Email Only ,0,ARCHIVE,BDR,0.08,0.06,0.0,17.16,0.0,18834,78915,,0,0,0,0,0,False,2025-09-07
2026-06-13,all-time,3975961,Intent Outbound - BDR-S - Email Only for Cold,0,ARCHIVE,BDR,0.05,0.05,0.0,14.69,0.0,20431,94005,,0,0,0,0,0,False,2025-09-03
2026-06-13,all-time,4015251,Intent Outbound - Clio AI - BDR-S,6,ARCHIVE,BDR,0.55,0.27,6.44,15.78,0.0,1738,5629,,0,0,6,0,0,False,2025-10-21
2026-06-13,all-time,3946737,Intent Outbound AQL - BDR-S,11,ARCHIVE,BDR,2.79,1.77,6.11,29.28,0.0,1869,1578,,0,0,6,5,0,False,2025-07-28
2026-06-13,all-time,4154299,Intent Outbound Civil Litigation - BDR-S ,6,LOW SAMPLE,BDR,0.0,0.0,4.76,14.48,0.0,75,145,,0,0,6,0,0,True,2026-04-22
2026-06-13,all-time,3946742,Intent Outbound Closed Lost - BDR-S,44,ARCHIVE,BDR,11.57,3.35,6.9,28.11,0.0,3555,1729,,20,13,6,5,0,False,2025-07-28
2026-06-13,all-time,3948810,Intent Outbound Engaged w/ Content - BDR-S,11,ARCHIVE,BDR,0.07,0.27,6.58,21.04,0.0,551,1497,,0,0,6,5,0,False,2025-07-30
2026-06-13,all-time,4154309,Intent Outbound Family - BDR-S ,11,LOW SAMPLE,BDR,1.31,0.65,4.56,25.49,0.0,80,153,,0,0,6,5,0,True,2026-04-22
2026-06-13,all-time,3946741,Intent Outbound NMQL - BDR-S,31,ARCHIVE,BDR,3.33,3.5,10.75,28.4,0.0,1174,1743,,0,13,13,5,0,False,2025-07-28
2026-06-13,all-time,4155506,Intent Outbound Personal Injury - BDR-S  ,6,ARCHIVE,BDR,1.57,1.57,5.05,19.37,0.0,114,191,,0,0,6,0,0,False,2026-04-23
2026-06-13,all-time,4078432,Intent Outbound SCOOPS - BDR-S ,16,LOW SAMPLE,BDR,0.0,0.0,6.25,40.0,0.0,3,5,,0,0,6,10,0,True,2026-01-28
2026-06-13,all-time,3948800,Intent Outbound WebSights - BDR-S,18,ARCHIVE,BDR,3.19,0.99,8.75,22.0,0.0,5166,4136,,0,0,13,5,0,False,2025-07-30
2026-06-13,all-time,4154276,Intent Outbound Wills & Estates - BDR-S,6,LOW SAMPLE,BDR,0.0,0.0,5.0,10.17,0.0,36,59,,0,0,6,0,0,True,2026-04-22
2026-06-13,all-time,4064313,JM  - Intent Outbound - BDR-S - Email Only for Cold,0,ARCHIVE,BDR,0.01,0.1,0.0,16.4,0.0,1608,6907,,0,0,0,0,0,False,2026-01-08
2026-06-13,all-time,4112311,MM BDR-CS | MM LTR Download Follow Up - IBC,5,LOW SAMPLE,BDR,1.96,0.49,0.0,23.04,0.0,59,204,,0,0,0,5,0,True,2026-03-09
2026-06-13,all-time,4047442,MM BDR-CS | Q4 Duo Closed Lost Re-Engage - OBC,40,LOW SAMPLE,BDR,15.38,0.0,0.0,31.87,0.0,61,91,,35,0,0,5,0,True,2025-12-02
2026-06-13,all-time,4111274,MM-BDR - MM LTR AQL Follow Up,11,LOW SAMPLE,BDR,0.52,0.0,5.65,26.18,0.0,58,191,,0,0,6,5,0,True,2026-03-09
2026-06-13,all-time,4058549,MM-BDR-CS - Clio Timekeeping Cohort 1 Outreach - OBC,5,ARCHIVE,BDR,1.44,1.64,0.0,22.79,0.0,133,487,,0,0,0,5,0,False,2025-12-18
2026-06-13,all-time,4184989,MM-BDR-CS | [Defendant] Complaint Filing - Clio Work Outreach - OBC,0,LOW SAMPLE,BDR,0.0,0.0,0.0,16.3,0.0,18,184,,0,0,0,0,0,True,2026-05-12
2026-06-13,all-time,4184987,MM-BDR-CS | [Plaintiff] Complaint Filing - Clio Work Outreach - OBC,5,LOW SAMPLE,BDR,0.46,0.23,0.0,32.33,0.0,98,433,,0,0,0,5,0,True,2026-05-12
2026-06-13,all-time,3986840,NOLA BDRV New Firm Nurture Follow Up,18,ARCHIVE,BDR,1.98,0.18,7.47,21.44,0.0,559,555,,0,0,13,5,0,False,2025-09-16
2026-06-13,all-time,4089134,No Intent - CL - BDR-S - Email Only,0,ARCHIVE,BDR,0.19,0.19,0.0,19.48,0.0,137,539,,0,0,0,0,0,False,2026-02-10
2026-06-13,all-time,4106547,SDR - AI Rebook Cadence (blank) ,93,KEEP,SDR,29.25,8.84,7.42,38.1,0.0,152,147,,35,30,13,15,0,False,2026-03-03
2026-06-13,all-time,4163406,SDR - Attended Event,35,LOW SAMPLE,SDR,0.0,18.18,0.0,18.18,0.0,3,11,,0,30,0,5,0,True,2026-04-29
2026-06-13,all-time,1031700,SDR - Bad Phone Number,40,ARCHIVE,SDR,0.0,3.54,0.0,34.89,0.0,10601,34466,,0,30,0,10,0,False,2019-05-06
2026-06-13,all-time,1477409,SDR - Booked Call - Followup,65,REVIEW,SDR,0.0,17.04,39.94,48.06,0.0,12847,14260,,0,30,20,15,0,False,2020-03-03
2026-06-13,all-time,4017688,SDR - Clio Work - Demo Request (MQL),93,LOW SAMPLE,SDR,24.19,3.72,7.8,45.12,0.0,80,215,,35,30,13,15,0,True,2025-10-22
2026-06-13,all-time,4018883,SDR - Clio Work - Demo Request (MQL) - Copy,93,LOW SAMPLE,SDR,60.0,20.0,14.29,80.0,0.0,4,5,,35,30,13,15,0,True,2025-10-24
2026-06-13,all-time,4015077,SDR - Clio Work - Pricing Page (MQL),60,LOW SAMPLE,SDR,5.15,5.88,2.81,33.09,0.0,50,136,,20,30,0,10,0,True,2025-10-20
2026-06-13,all-time,2389828,SDR - Contact Us Form,100,KEEP,SDR,27.68,15.93,17.5,46.42,0.0,1509,1846,,35,30,20,15,0,False,2021-12-14
2026-06-13,all-time,3974220,SDR - Demo Request - DRAFT ONLY MQLS,63,REVIEW,SDR,8.04,2.27,6.44,35.75,0.0,404,1144,,20,22,6,15,0,False,2025-08-29
2026-06-13,all-time,4078929,SDR - Demo Request - Event: NTLS,63,LOW SAMPLE,SDR,8.11,2.7,4.17,56.76,0.0,10,37,,20,22,6,15,0,True,2026-01-28
2026-06-13,all-time,1347191,SDR - Demo Request - Grow,65,REVIEW,SDR,0.0,13.35,27.62,48.15,0.0,775,1109,,0,30,20,15,0,False,2019-11-25
2026-06-13,all-time,3973486,SDR - Demo Request - MS WEBINAR (update from Daniela 2026),59,REVIEW,SDR,4.98,3.05,4.94,34.24,0.0,171,622,,13,30,6,10,0,False,2025-08-28
2026-06-13,all-time,1346767,SDR - Demo Request - Manage (via Webinar),58,REVIEW,SDR,0.0,7.58,8.71,41.07,0.0,2622,6557,,0,30,13,15,0,False,2019-11-25
2026-06-13,all-time,4163397,SDR - Downloaded a Guide,23,LOW SAMPLE,SDR,2.33,0.0,1.75,30.23,0.0,18,43,,13,0,0,10,0,True,2026-04-29
2026-06-13,all-time,1485367,SDR - Drift Next Step With Phone Number,65,REVIEW,SDR,0.0,12.54,18.48,46.14,0.0,405,869,,0,30,20,15,0,False,2020-03-07
2026-06-13,all-time,1955893,SDR - Dupe Check,65,REVIEW,SDR,0.0,24.6,25.17,50.34,0.0,1068,2203,,0,30,20,15,0,False,2021-01-28
2026-06-13,all-time,2145617,SDR - Facebook Demo Request,65,REVIEW,SDR,5.92,2.65,8.46,29.73,0.0,8399,21580,,20,22,13,10,0,False,2021-06-10
2026-06-13,all-time,4217557,SDR - GOV Demo Request - Manage (via Webinar) - Government Specific ,0,LOW SAMPLE,SDR,0.0,0.0,0.0,0.0,0.0,1,4,,0,0,0,0,0,True,2026-06-01
2026-06-13,all-time,2145637,SDR - How Law Firms Use Clio,93,KEEP,SDR,14.5,6.92,13.91,43.28,0.0,12980,28875,,35,30,13,15,0,False,2021-06-10
2026-06-13,all-time,4143749,SDR - In person conference - ALA 2026,48,LOW SAMPLE,SDR,5.88,0.0,11.54,52.94,0.0,8,17,,20,0,13,15,0,True,2026-04-13
2026-06-13,all-time,4116442,SDR - In person conference - Legalweek 2026,58,LOW SAMPLE,SDR,3.61,5.42,0.9,37.95,0.0,35,166,,13,30,0,15,0,True,2026-03-13
2026-06-13,all-time,4126560,SDR - In person conference - Techshow 2026 ,45,LOW SAMPLE,SDR,0.0,11.11,1.43,52.78,0.0,11,36,,0,30,0,15,0,True,2026-03-25
2026-06-13,all-time,1911581,SDR - International Lead Cadence,45,ARCHIVE,SDR,0.0,4.97,0.0,48.26,0.0,4401,15770,,0,30,0,15,0,False,2020-12-14
2026-06-13,all-time,1327272,SDR - LinkedIn,65,REVIEW,SDR,0.0,7.48,18.17,45.24,0.0,2912,5924,,0,30,20,15,0,False,2019-11-12
2026-06-13,all-time,3614585,SDR - MM - Demo Form MQL Reach Out,88,KEEP,SDR,33.04,12.78,11.04,34.8,0.0,127,227,,35,30,13,10,0,False,2024-07-08
2026-06-13,all-time,1540401,SDR - Next Step Email Opt Out - Followup,13,ARCHIVE,SDR,0.0,0.0,10.29,0.0,0.0,1574,0,,0,0,13,0,0,False,2020-04-07
2026-06-13,all-time,1482615,SDR - Next Steps - HOT (multiple) - Followup,65,REVIEW,SDR,0.0,12.45,16.92,44.76,0.0,4092,3027,,0,30,20,15,0,False,2020-03-05
2026-06-13,all-time,1482605,SDR - Next Steps - Warm (multiple) - Followup,58,REVIEW,SDR,0.0,12.42,14.95,44.81,0.0,8521,8159,,0,30,13,15,0,False,2020-03-05
2026-06-13,all-time,1346849,SDR - Non-Prospect (LinkedIn) - Disqualified,58,REVIEW,SDR,0.0,12.64,14.67,46.77,0.0,1390,3782,,0,30,13,15,0,False,2019-11-25
2026-06-13,all-time,1388930,SDR - Non-Prospect (Website) - Disqualified,65,REVIEW,SDR,0.0,19.19,17.4,47.06,0.0,1058,2382,,0,30,20,15,0,False,2020-01-07
2026-06-13,all-time,1959654,SDR - Not a Law Firm - Automated,65,REVIEW,SDR,0.0,12.08,17.79,43.44,0.0,9821,24583,,0,30,20,15,0,False,2021-02-01
2026-06-13,all-time,1718940,SDR - Pricing Page - B - Content,58,REVIEW,SDR,0.0,5.13,7.67,39.42,0.0,12137,34151,,0,30,13,15,0,False,2020-08-06
2026-06-13,all-time,1895298,SDR - Referral - Follow-Up,58,REVIEW,SDR,0.0,7.07,7.67,39.39,0.0,152,396,,0,30,13,15,0,False,2020-11-30
2026-06-13,all-time,1483194,SDR - Resources - Followup,58,REVIEW,SDR,0.0,7.14,10.17,42.53,0.0,1749,5533,,0,30,13,15,0,False,2020-03-05
2026-06-13,all-time,3937721,SDR - SMS - Demo Request - Manage,93,KEEP,SDR,18.52,4.7,8.06,35.67,0.0,12983,34521,,35,30,13,15,0,False,2025-07-16
2026-06-13,all-time,3937722,SDR - SMS - Trial Follow Up - MQL ,66,REVIEW,SDR,7.9,3.09,5.09,34.7,0.0,12277,41578,,20,30,6,10,0,False,2025-07-16
2026-06-13,all-time,2034007,SDR - Software Advice,58,REVIEW,SDR,0.0,7.37,14.61,38.41,0.0,9389,16479,,0,30,13,15,0,False,2021-03-23
2026-06-13,all-time,1348039,SDR - Student - Disqualified,65,REVIEW,SDR,0.0,18.94,18.82,49.12,0.0,401,908,,0,30,20,15,0,False,2019-11-26
2026-06-13,all-time,4163409,SDR - Watched On-Demand Webinar,70,LOW SAMPLE,SDR,6.08,2.7,7.75,45.95,0.0,49,148,,20,22,13,15,0,True,2026-04-29
2026-06-13,all-time,4015093,SDR - vLex - Demo Request (MQL),93,KEEP,SDR,37.55,10.99,9.64,41.76,0.0,240,546,,35,30,13,15,0,False,2025-10-20
2026-06-13,all-time,4017681,SDR - vLex - Free Trial,51,REVIEW,SDR,2.97,1.43,4.48,30.98,0.0,6742,20641,,13,22,6,10,0,False,2025-10-22
2026-06-13,all-time,4030812,SDR - vLex - Free Trial - Copy,30,LOW SAMPLE,SDR,0.0,4.35,0.0,13.04,0.0,13,23,,0,30,0,0,0,True,2025-11-07
2026-06-13,all-time,4020919,SDR - vLex - Not a Lawyer,58,REVIEW,SDR,0.54,4.92,9.91,35.89,0.0,1927,6320,,0,30,13,15,0,False,2025-10-28
2026-06-13,all-time,4038321,SDR - vLex - Warm Nurture ,45,ARCHIVE,SDR,2.19,1.37,0.46,29.32,0.0,155,365,,13,22,0,10,0,False,2025-11-18
2026-06-13,all-time,4036658,SDR - vLex -Booked Call - Followup ,81,LOW SAMPLE,SDR,24.05,11.39,4.76,32.91,0.0,40,79,,35,30,6,10,0,True,2025-11-14
2026-06-13,all-time,3556685,SDR- 2024 Demo No Show / Cancellation,93,KEEP,SDR,27.72,10.17,8.5,41.37,0.0,2312,4895,,35,30,13,15,0,False,2024-05-22
2026-06-13,all-time,3600828,SILVER - PI July Refresher BDRV,6,ARCHIVE,BDR,0.87,0.13,5.83,15.14,0.0,2971,5305,,0,0,6,0,0,False,2024-06-24
2026-06-13,all-time,3937623,VAN BDRV Call ONLY ,13,ARCHIVE,BDR,0.0,0.0,12.31,0.0,0.0,534,0,,0,0,13,0,0,False,2025-07-16
